#,Year,OrientationJ mode,Field / application,Reference,Usage extract,DOI,Title,Journal,Authors
1,2013,Coherency,collagen/ECM in tumors,Perry et al. (2013),the coherency parameter was calculated on these same collagen I IF images using the ImageJ plugin OrientationJ,10.1186/1471-2407-13-411,Stromal matrix metalloprotease-13 knockout alters Collagen I structure at the tumor-host interface and increases lung metastasis of C57BL/6 syngeneic E0771 mammary tumor cells,BMC Cancer,"Perry SW, Schueckler JM, Burke K, Arcuri GL, Brown EB."
2,2014,Color-coded orientation map,"microtubule cytoskeleton, planar cell polarity",Matis et al. (2014),"Orientations of MTs, in the regions shown, calculated using OrientationJ, aligned with the P-D axis at each stage and location (arrows).",10.7554/elife.02893,Microtubules provide directional information for core PCP function,eLife,"Matis M, Russler-Germain DA, Hu Q, Tomlin CJ, Axelrod JD."
3,2014,Coherency and orientation analysis,plant tissue regeneration and cell organization,Zajączkowska (2014),Cell ordering within the overgrowth tissue was estimated using the OrientationJ image analysis plugin based on structure tensor.,10.1007/s00425-014-2142-y,Overgrowth of Douglas fir (Pseudotsuga menziesii Franco) stumps with regenerative tissue as an example of cell ordering and tissue reorganization,Planta,Zajączkowska U.
4,2014,Distribution (directionality histogram),vascular endothelial cell alignment,Li et al. (2014),"Automated quantification of cell orientation relative to the direction of shear stress was determined using OrientationJ software, also an ImageJ plugin",10.1038/nature13701,Piezo1 integration of vascular architecture with physiological force,Nature,"Li J, Hou B, Tumova S, Muraki K, Bruns A, Ludlow MJ, Sedo A, Hyman AJ, McKeown L, Young RS, Yuldasheva NY, Majeed Y, Wilson LA, Rode B, Bailey MA, Kim HR, Fu Z, Carter DA, Bilton J, Imrie H, Ajuh P, Dear TN, Cubbon RM, Kearney MT, Prasad RK, Evans PC, Ainscough JF, Beech DJ."
5,2015,orientation calculation,cardiac tissue engineering,Pasqualini et al. (2015),"OrientationJ ( Rezakhaniha et al., 2012 ) plugins were used to highlight the filamentous structure and calculate the orientations of foreground pixels, respectively.",10.1016/j.stemcr.2015.01.020,Structural phenotyping of stem cell-derived cardiomyocytes,Stem Cell Reports,"Pasqualini FS, Sheehy SP, Agarwal A, Aratyn-Schaus Y, Parker KK."
6,2015,Coherency map,cell biophysics / gold nanoparticles,Kalies et al. (2015),"This was done using the ImageJ plugin OrientationJ [ 38 , 39 ], that allows to measure the coherency of local image features.",10.1371/journal.pone.0124052,Investigation of biophysical mechanisms in gold nanoparticle mediated laser manipulation of cells using a multimodal holographic and fluorescence imaging setup,PLOS ONE,"Kalies S, Antonopoulos GC, Rakoski MS, Heinemann D, Schomaker M, Ripken T, Meyer H."
7,2015,Distribution (directionality histogram),cellular and subcellular oriented structures,Kartasalo et al. (2015),"Previously published general purpose tools include the ImageJ plug-ins FibrilTool and OrientationJ, which allow the quantification of orientation distributions based on intensity gradients.",10.1186/s12859-015-0782-y,CytoSpectre: a tool for spectral analysis of oriented structures on cellular and subcellular levels,BMC Bioinformatics,"Kartasalo K, Pölönen RP, Ojala M, Rasku J, Lekkala J, Aalto-Setälä K, Kallio P."
8,2015,Coherency map,collagen/ECM in tumors,Lee et al. (2015),Collagen coherency and amount was calculated from the left and right images via the OrientationJ plugin for ImageJ and thresholded area respectively.,10.1080/21659087.2015.1055430,In vivo imaging of the tumor and its associated microenvironment using combined CARS / 2-photon microscopy,IntraVital,"Lee M, Downes A, Chau YY, Serrels B, Hastie N, Elfick A, Brunton V, Frame M, Serrels A."
9,2015,orientation/coherency analysis,collagen/ECM materials,Lin et al. (2015),"The orientation of collagen fiber network was analyzed using the OrientationJ plugin [ 20 ] in ImageJ software (NIH, Bethesda, MD, USA).",10.3390/ma8020551,Influence of Crosslink Density and Stiffness on Mechanical Properties of Type I Collagen Gel,Materials,"Lin S, Gu L."
10,2015,structure-tensor order parameter,fetal white matter tracts / neuronal fiber organization,Mitter et al. (2015),ST analysis was performed with the OrientationJ plugin for ImageJ using a cubic spline gradient with a Gaussian window of 5 pix.,10.3389/fnana.2015.00164,Validation of In utero Tractography of Human Fetal Commissural and Internal Capsule Fibers with Histological Structure Tensor Analysis,Frontiers in Neuroanatomy,"Mitter C, Jakab A, Brugger PC, Ricken G, Gruber GM, Bettelheim D, Scharrer A, Langs G, Hainfellner JA, Prayer D, Kasprian G."
11,2015,Distribution (directionality histogram),materials/nanofibers,Hotaling et al. (2015),"The file labeled "" Figure 5 C – Orientation Histogram.xlsx"" contains the frequency of occurrence of a given fiber orientation as defined by the OrientationJ plugin.",10.1016/j.dib.2015.07.012,Dataset for the validation and use of DiameterJ an open source nanofiber diameter measurement tool,Data in Brief,"Hotaling NA, Bharti K, Kriel H, Simon CG."
12,2015,Distribution (directionality histogram),materials/nanofibers,Jenkins et al. (2015),"OrientationJ, a plug-in for ImageJ, was used to process SEM images and generate a table of pixels counted versus degree of orientation.",10.1186/s11671-015-0972-6,A nerve guidance conduit with topographical and biochemical cues: potential application using human neural stem cells,Nanoscale Research Letters,"Jenkins PM, Laughter MR, Lee DJ, Lee YM, Freed CR, Park D."
13,2015,orientation/coherency analysis,materials/nanofibers,Bhadra et al. (2015),SEM images were obtained using the ImageJ ® 1.48 package with DiameterJ and OrientationJ plugins.,10.1038/srep16817,Antibacterial titanium nano-patterned arrays inspired by dragonfly wings,Scientific Reports,"Bhadra CM, Truong VK, Pham VT, Al Kobaisi M, Seniutinas G, Wang JY, Juodkazis S, Crawford RJ, Ivanova EP."
14,2015,orientation/coherency analysis,scaffold tissue engineering,Zhang et al. (2015),"Orientation of the scaffold struts was quantified using an ImageJ plug-in, OrientationJ",10.1126/sciadv.1500423,Platform technology for scalable assembly of instantaneously functional mosaic tissues,Science Advances,"Zhang B, Montgomery M, Davenport-Huyer L, Korolj A, Radisic M."
15,2015,Dominant Direction,tendon/mineralized tissue biomechanics,Breidenbach et al. (2015),Collagen fiber orientation of the mineralized and unmineralized insertion was calculated using the FIJI plug‐in OrientationJ,10.1002/jor.22899,Ablating hedgehog signaling in tenocytes during development impairs biomechanics and matrix organization of the adult murine patellar tendon enthesis,Journal of Orthopaedic Research,"Breidenbach AP, Aschbacher-Smith L, Lu Y, Dyment NA, Liu CF, Liu H, Wylie C, Rao M, Shearn JT, Rowe DW, Kadler KE, Jiang R, Butler DL."
16,2016,Measure,actin cytoskeleton,Nesmith et al. (2016),"the orientation of actin fibers was determined using the OrientationJ plugin ( Rezakhaniha et al., 2012 ), and the actin OOP was calculated for each sample.",10.1083/jcb.201603111,A human in vitro model of Duchenne muscular dystrophy muscle formation and contractility,Journal of Cell Biology,"Nesmith AP, Wagner MA, Pasqualini FS, O'Connor BB, Pincus MJ, August PR, Parker KK."
17,2016,Distribution (directionality histogram),actin cytoskeleton,Squarr et al. (2016),Rose plots show density distribution of local angles of actin bundles (calculated using OrientationJ).,10.1083/jcb.201508081,Fat2 acts through the WAVE regulatory complex to drive collective cell migration during tissue rotation,Journal of Cell Biology,"Squarr AJ, Brinkmann K, Chen B, Steinbacher T, Ebnet K, Rosen MK, Bogdan S."
18,2016,Dominant Direction,cardiac tissue engineering,Laksari et al. (2016),OrientationJ determines the fibre directions in each area of interest by defining a weighted inner product and calculating the eigenvectors of the structure tensor,10.1098/rsos.160365,Energy-based constitutive modelling of local material properties of canine aortas,Royal Society Open Science,"Laksari K, Shahmirzadi D, Acosta CJ, Konofagou E."
19,2016,Color-coded orientation map,collagen/ECM in breast tissue,Sherratt et al. (2016),"Polarised light microscopy images of PSR-stained sections of c low and d high MD breast processed using the Image J plugin, OrientationJ.",10.1186/s13058-016-0701-9,Raised mammographic density: causative mechanisms and biological consequences,Breast Cancer Research,"Sherratt MJ, McConnell JC, Streuli CH."
20,2016,Coherency map,collagen/ECM in breast tissue,McConnell et al. (2016),"Polarised light microscopy of PSR-stained sections assessed using OrientationJ: e low MD, f high MD.",10.1186/s13058-015-0664-2,Increased peri-ductal collagen micro-organization may contribute to raised mammographic density,Breast Cancer Research,"McConnell JC, O'Connell OV, Brennan K, Weiping L, Howe M, Joseph L, Knight D, O'Cualain R, Lim Y, Leek A, Waddington R, Rogan J, Astley SM, Gandhi A, Kirwan CC, Sherratt MJ, Streuli CH."
21,2016,orientation/coherency analysis,collagen/ECM in tumors,Kopanska et al. (2016),"Collagen orientation was measured using ""OrientationJ"" plugin of ImageJ [ 56 ].",10.1371/journal.pone.0156442,Tensile Forces Originating from Cancer Spheroids Facilitate Tumor Invasion,PLOS ONE,"Kopanska KS, Alcheikh Y, Staneva R, Vignjevic D, Betz T."
22,2016,Measure,microbial mat architecture,Chan et al. (2016),Directionality measurements were taken using the ImageJ 2.0.0 OrientationJ Measure plugin,10.3389/fmicb.2016.00796,The Architecture of Iron Microbial Mats Reflects the Adaptation of Chemolithotrophic Iron Oxidation in Freshwater and Marine Environments,Frontiers in Microbiology,"Chan CS, McAllister SM, Leavitt AH, Glazer BT, Krepski ST, Emerson D."
23,2016,orientation/coherency analysis,neuronal alignment in developing brain,Koser et al. (2016),These were analyzed using the OrientationJ plugin.,10.1038/nn.4394,Mechanosensing is critical for axon growth in the developing brain,Nature Neuroscience,"Koser DE, Thompson AJ, Foster SK, Dwivedy A, Pillai EK, Sheridan GK, Svoboda H, Viana M, Costa LD, Guck J, Holt CE, Franze K."
24,2016,Distribution (directionality histogram),vascular tissue mechanics,Bell et al. (2016),"The OrientationJ Distribution plugin for Fiji ( 37 ) was used to quantify the orientation of the intimal and adventitial elastic fiber networks, and the collagen network.",10.1152/ajpheart.00002.2016,Microstructure and mechanics of human resistance arteries,American Journal of Physiology-Heart and Circulatory Physiology,"Bell JS, Adio AO, Pitt A, Hayman L, Thorn CE, Shore AC, Whatmore JL, Winlove CP."
25,2017,orientation and coherency analysis,actin cytoskeleton,Fritzsche et al. (2017),"The orientation and isotropy properties of the actin filaments in a given region of an (experimental or simulated) image were computed based on the evaluation of the structure tensor in a local neighborhood using the Java plugin for ImageJ ( http://imagej.nih.gov/ ) ""OrientationJ.",10.1126/sciadv.1603032,Cytoskeletal actin dynamics shape a ramifying actin network underpinning immunological synapse formation,Science Advances,"Fritzsche M, Fernandes RA, Chang VT, Colin-York H, Clausen MP, Felce JH, Galiani S, Erlenkämper C, Santos AM, Heddleston JM, Pedroza-Pacheco I, Waithe D, de la Serna JB, Lagerholm BC, Liu TL, Chew TL, Betzig E, Betzig E, Davis SJ, Eggeling C."
26,2017,Color-coded orientation map,actin cytoskeleton,Wirshing et al. (2017),OrientationJ was used to false-color actin bundles according to their orientation in selected cells indicated by yellow boxes in A.,10.1091/mbc.e17-01-0029,Myosin activity drives actomyosin bundle formation and organization in contractile cells of the Caenorhabditis elegans spermatheca,Molecular Biology of the Cell,"Wirshing ACE, Cram EJ."
27,2017,orientation/coherency analysis,actin cytoskeleton,Horejs et al. (2017),Actin fibre orientation was evaluated using the OrientationJ plug-in for ImageJ,10.1038/ncomms15509,Preventing tissue fibrosis by local biomaterials interfacing of specific cryptic extracellular matrix information,Nature Communications,"Horejs CM, St-Pierre JP, Ojala JRM, Steele JAM, da Silva PB, Rynne-Vidal A, Maynard SA, Hansel CS, Rodríguez-Fernández C, Mazo MM, You AYF, Wang AJ, von Erlach T, Tryggvason K, López-Cabrera M, Stevens MM."
28,2017,Measure,actin cytoskeleton,Fritzsche et al. (2017),The orientation and isotropy properties of a given region of interest in an image were computed based on the evaluation of the structure tensor in a local neighbourhood using the Java plug-in for ImageJ 'OrientationJ'.,10.1038/ncomms14347,Self-organizing actin patterns shape membrane architecture but not cell mechanics,Nature Communications,"Fritzsche M, Li D, Colin-York H, Chang VT, Moeendarbary E, Felce JH, Sezgin E, Charras G, Betzig E, Eggeling C."
29,2017,orientation/coherency analysis,cardiac muscle myofibrils,Panzer et al. (2017),"The orientation of myofibers was analyzed using ImageJ and an ImageJ plugin, OrientationJ",10.1038/srep46438,Nkx2-5 and Sarcospan genetically interact in the development of the muscular ventricular septum of the heart,Scientific Reports,"Panzer AA, Regmi SD, Cormier D, Danzo MT, Chen ID, Winston JB, Hutchinson AK, Salm D, Schulkey CE, Cochran RS, Wilson DB, Jay PY."
30,2017,orientation/coherency analysis,collagen/ECM in tumors,Roy et al. (2017),ECM fiber orientation analysis Monochromatic images corresponding to fibronectin fiber acquisitions were analyzed via ImageJ's OrientationJ plugin,10.1038/labinvest.2016.146,Cancer cell chemokines direct chemotaxis of activated stellate cells in pancreatic ductal adenocarcinoma,Laboratory Investigation,"Roy I, Boyle KA, Vonderhaar EP, Zimmerman NP, Gorse E, Mackinnon AC, Hwang RF, Franco-Barraza J, Cukierman E, Tsai S, Evans DB, Dwinell MB."
31,2017,Color-coded orientation map,collagen/ECM in tumors,Franco-Barraza et al. (2017),"ECM fiber angle distributions, measured with Image-J's 'OrientationJ' plug, are represented by the various colors",10.7554/elife.20600,Matrix-regulated integrin αvβ5 maintains α5β1-dependent desmoplastic traits prognostic of neoplastic recurrence,eLife,"Franco-Barraza J, Francescone R, Luong T, Shah N, Madhani R, Cukierman G, Dulaimi E, Devarajan K, Egleston BL, Nicolas E, Katherine Alpaugh R, Malik R, Uzzo RG, Hoffman JP, Golemis EA, Cukierman E."
32,2017,Coherency map,corneal epithelial tissue engineering,Lombardo et al. (2017),"The plugin OrientationJ in ImageJ was used for analysis of stromal collagen fiber orientations, based on the evaluation of the structure tensor in a local neighborhood",10.1038/s41598-017-05486-8,Multimodal imaging quality control of epithelia regenerated with cultured human donor corneal limbal epithelial stem cells,Scientific Reports,"Lombardo M, Serrao S, Barbaro V, Di Iorio E, Lombardo G."
33,2017,Measure,"corneal tissue engineering, collagen organization",Gouveia et al. (2017),"Data was analyzed using the OrientationJ plugin from ImageJ v1.46 for measuring collagen fibril dimensions, orientation, and distribution.",10.1016/j.biomaterials.2016.12.023,Controlling the 3D architecture of Self-Lifting Auto-generated Tissue Equivalents (SLATEs) for optimized corneal graft composition and stability,Biomaterials,"Gouveia RM, González-Andrades E, Cardona JC, González-Gallardo C, Ionescu AM, Garzon I, Alaminos M, González-Andrades M, Connon CJ."
34,2017,orientation/coherency analysis,electrospun nanofiber scaffolds,Chen et al. (2017),"The plugin OrientationJ was employed for this purpose, and the images were analyzed over the same ROI.",10.1021/acsami.7b07151,Direct Writing Electrospinning of Scaffolds with Multidimensional Fiber Architecture for Hierarchical Tissue Engineering,ACS Applied Materials & Interfaces,"Chen H, Malheiro ABFB, van Blitterswijk C, Mota C, Wieringa PA, Moroni L."
35,2017,Distribution (directionality histogram),endothelial cell alignment in tumors,Webster et al. (2017),Quantification of cell orientation relative to the direction of shear stress was determined using OrientationJ software,10.18632/oncotarget.15039,Upregulated WEE1 protects endothelial cells of colorectal cancer liver metastases,Oncotarget,"Webster PJ, Littlejohns AT, Gaunt HJ, Young RS, Rode B, Ritchie JE, Stead LF, Harrison S, Droop A, Martin HL, Tomlinson DC, Hyman AJ, Appleby HL, Boxall S, Bruns AF, Li J, Prasad RK, Lodge JPA, Burke DA, Beech DJ."
36,2017,structure tensor eigenvector direction,epithelial tissue organization,Saw et al. (2017),OrientationJ was used to detect the direction of largest eigenvector of the structure tensor of the image for each pixel,10.1038/nature21718,Topological defects in epithelia govern cell death and extrusion,Nature,"Saw TB, Doostmohammadi A, Nier V, Kocgozlu L, Thampi S, Toyama Y, Marcq P, Lim CT, Yeomans JM, Ladoux B."
37,2017,Vector Field,extracellular matrix/tissue regeneration,Marrero et al. (2017),measuring vectors in 32‐bit thresholded channels of ER‐TR7 + staining using the OrientationJ plugin,10.1002/reg2.75,Fibroblast reticular cells engineer a blastema extracellular network during digit tip regeneration in mice,Regeneration,"Marrero L, Simkin J, Sammarco M, Muneoka K."
38,2017,Distribution (directionality histogram),materials/laser-induced surface structures,Gnilitskyi et al. (2017),different spectra ( b ) of orientations θ can be obtained with the module OrientationJ 23 of the open software ImageJ 59,10.1038/s41598-017-08788-z,High-speed manufacturing of highly regular femtosecond laser-induced periodic surface structures: physical origin of regularity,Scientific Reports,"Gnilitskyi I, Gnilitskyi I, Derrien TJ, Levy Y, Bulgakova NM, Mocek T, Orazi L."
39,2017,Coherency map,materials/nanofibers,Modarres et al. (2017),The scores for the aligned category by image classification are compared with a normalised value for alignment (coherency) using the OrientationJ plugin on ImageJ.,10.1038/s41598-017-13565-z,Neural Network for Nanoscience Scanning Electron Microscope Image Recognition,Scientific Reports,"Modarres MH, Aversa R, Cozzini S, Ciancio R, Leto A, Brandino GP."
40,2017,Coherency map,materials/nanofibers,Chou et al. (2017),"Image analysis was carried out by image processing software (ImageJ, National Institutes of Health, Bethesda, MD, USA) using OrientationJ plugin for fiber alignment measurement by applying a Riesz filter at 70% minimal coherency and 2% minimal energy.",10.1016/j.jmbbm.2016.09.004,Relationships between mechanical properties and drug release from electrospun fibers of PCL and PLGA blends,Journal of the Mechanical Behavior of Biomedical Materials,"Chou SF, Woodrow KA."
41,2017,Distribution (directionality histogram),muscle myoblast differentiation,Gatta et al. (2017),A segment crossing the longest part of each cell was added and used to analyze the distribution of cell direction by the OrientationJ (Distribution) plug-in of Image J.,10.18632/oncotarget.23044,Modulating the metabolism by trimetazidine enhances myoblast differentiation and promotes myogenesis in cachectic tumor-bearing c26 mice,Oncotarget,"Gatta L, Vitiello L, Gorini S, Chiandotto S, Costelli P, Giammarioli AM, Malorni W, Rosano G, Ferraro E."
42,2017,Distribution (directionality histogram),muscle tissue engineering,Costantini et al. (2017),The distributions of myotube orientation within the hydrogel structures following in vitro culture was obtained by analyzing IF micrographs (MHC signal) with OrientationJ plugin,10.3389/fbioe.2017.00022,Engineering Muscle Networks in 3D Gelatin Methacryloyl Hydrogels: Influence of Mechanical Stiffness and Geometrical Confinement,Frontiers in Bioengineering and Biotechnology,"Costantini M, Testa S, Fornetti E, Barbetta A, Trombetta M, Cannata SM, Gargioli C, Rainer A."
43,2017,orientation/coherency analysis,nerve guidance conduit / neural tissue engineering,Peng et al. (2017),"used ImageJ and OrientationJ software to estimate cell length and growth direction, respectively",10.2147/ijn.s122017,Nerve guidance conduit with a hybrid structure of a PLGA microfibrous bundle wrapped in a micro/nanostructured membrane,International Journal of Nanomedicine,"Peng SW, Li CW, Chiu IM, Wang GJ."
44,2017,Color-coded orientation map,neuronal alignment in hippocampal tissue engineering,Kim et al. (2017),OrientationJ plug-in of ImageJ software was used for quantitative analyses of confocal fluorescence images.,10.1038/ncomms14346,Anisotropically organized three-dimensional culture platform for reconstruction of a hippocampal neural network,Nature Communications,"Kim SH, Im SK, Oh SJ, Jeong S, Yoon ES, Lee CJ, Choi N, Hur EM."
45,2017,Distribution (directionality histogram),neuronal alignment in hydrogels,Rose et al. (2017),"The orientation time was determined via a software-based orientation analysis (ImageJ plugin OrientationJ), which evaluated every pixel of the image based on a structure tensor",10.1021/acs.nanolett.7b01123,Nerve Cells Decide to Orient inside an Injectable Hydrogel with Minimal Structural Guidance,Nano Letters,"Rose JC, Cámara-Torres M, Rahimi K, Köhler J, Möller M, De Laporte L."
46,2017,Coherency measure,"white matter microstructure, injured brain",van et al. (2017),"Coherency of myelinated axons, as an inverse measure of complexity of white matter microstructure, was assessed using the 'OrientationJ measure' function",10.1038/s41598-017-16797-1,A quantitative method for microstructural analysis of myelinated axons in the injured rodent brain,Scientific Reports,"van Tilborg E, van Kammen CM, de Theije CGM, van Meer MPA, Dijkhuizen RM, Nijboer CH."
47,2018,Color-coded orientation map,actin cytoskeleton,Kelley et al. (2018),"OrientationJ ( Rezakhaniha et al. , 2012 ), configured using a Gaussian fit with a pixel size of 2, was used to measure the orientation distribution of actin bundles in individual cells and to generate color-coded images where color indicates orientation, hue indicates coherency, and brightness is the brightness of…",10.1091/mbc.e18-01-0056,The myosin light-chain kinase MLCK-1 relocalizes during Caenorhabditis elegans ovulation to promote actomyosin bundle assembly and drive contraction,Molecular Biology of the Cell,"Kelley CA, Wirshing ACE, Zaidel-Bar R, Cram EJ."
48,2018,Coherency map,actin cytoskeleton,Cascione et al. (2018),the actin fiber coherency parameter was quantified using the OrientationJ plugin,10.3390/ijms20010108,Transforming Growth Factor-β Promotes Morphomechanical Effects Involved in Epithelial to Mesenchymal Transition in Living Hepatocellular Carcinoma,International Journal of Molecular Sciences,"Cascione M, Leporatti S, Dituri F, Giannelli G."
49,2018,Color-coded orientation map,actin cytoskeleton,Wirshing et al. (2018),"OrientationJ ( Rezakhaniha et al. , 2012 ), configured using a Gaussian fit with a pixel size of 2, was used to measure the orientation distribution of actin bundles in individual cells and to generate color-coded images where color indicates orientation, hue indicates coherency, and brightness is the brightness of…",10.1091/mbc.e18-06-0347,Spectrin regulates cell contractility through production and maintenance of actin bundles in the Caenorhabditis elegans spermatheca,Molecular Biology of the Cell,"Wirshing ACE, Cram EJ."
50,2018,Color-coded orientation map,"actin cytoskeleton, muscle myofibrils",Pandey et al. (2018),Actin and α-actinin images of single cells were then analysed for filament alignment using the OrientationJ plugin for ImageJ,10.1016/j.devcel.2017.12.024,Cardiomyocytes Sense Matrix Rigidity through a Combination of Muscle and Non-muscle Myosin Contractions,Developmental Cell,"Pandey P, Hawkes W, Hu J, Megone WV, Gautrot J, Anilkumar N, Zhang M, Hirvonen L, Cox S, Ehler E, Hone J, Sheetz M, Iskratsch T."
51,2018,Distribution (directionality histogram),bone/mineralized tissue,Petersen et al. (2018),Distribution of fiber orientation was analyzed via the ImageJ plug-in OrientationJ (by Daniel Sage) on two to three technical replicates (scaffolds) and three confocal image stacks per scaffold.,10.1038/s41467-018-06504-7,A biomaterial with a channel-like pore architecture induces endochondral healing of bone defects,Nature Communications,"Petersen A, Princ A, Korus G, Ellinghaus A, Leemhuis H, Herrera A, Klaumünzer A, Schreivogel S, Woloszyk A, Schmidt-Bleek K, Geissler S, Heschel I, Duda GN."
52,2018,Dominant Direction,cardiac tissue engineering,Hansen et al. (2018),Alpha-Actinin Fiber Alignment Confocal images of alpha-actinin stained hPS-CM seed on microthreads and TCP were uploaded to ImageJ (NIH) for actinin fiber alignment using OrientationJ.,10.3389/fcvm.2018.00052,Development of a Contractile Cardiac Fiber From Pluripotent Stem Cell Derived Cardiomyocytes,Frontiers in Cardiovascular Medicine,"Hansen KJ, Laflamme MA, Gaudette GR."
53,2018,structure tensor,"cellular nematics, liquid crystals",Duclos et al. (2018),The orientation field was obtained by computing the local structure tensor with ImageJ plugin OrientationJ,10.1038/s41567-018-0099-7,Spontaneous shear flow in confined cellular nematics,Nature Physics,"Duclos G, Blanch-Mercader C, Yashunsky V, Salbreux G, Joanny JF, Prost J, Silberzan P."
54,2018,Coherency map,collagen architecture in scar tissue,Clemons et al. (2018),the OrientationJ plugin gives a value for coherency without the disadvantages previously discussed involving the Gaussian fit,10.1039/c7ra12693j,Coherency image analysis to quantify collagen architecture: implications in scar assessment,RSC Advances,"Clemons TD, Bradshaw M, Toshniwal P, Chaudhari N, Stevenson AW, Lynch J, Fear MW, Wood FM, Iyer KS."
55,2018,Dominant Direction,collagen scaffold tissue engineering,Ashworth et al. (2018),The OrientationJ plugin in FIJI was used to quantify the collagen pore wall orientation from bright field images taken of the scaffold cross-sections.,10.1007/s10856-018-6175-9,Optimising collagen scaffold architecture for enhanced periodontal ligament fibroblast migration,Journal of Materials Science: Materials in Medicine,"Ashworth JC, Mehr M, Buxton PG, Best SM, Cameron RE."
56,2018,Coherency map,collagen/ECM in tendon tissue,Kinugasa et al. (2018),"The local collagen fiber alignment was determined with the ImageJ plug-in OrientationJ (Version 19.11.2012., available online at http://bigwww.epfl.ch/demo/orientation/ )",10.1038/s41598-018-22661-7,A Multi-modality Approach Towards Elucidation of the Mechanism for Human Achilles Tendon Bending During Passive Ankle Rotation,Scientific Reports,"Kinugasa R, Taniguchi K, Yamamura N, Fujimiya M, Katayose M, Takagi S, Edgerton VR, Sinha S."
57,2018,orientation/coherency analysis,collagen/ECM in tumors,Zanotelli et al. (2018),Fiber orientation was then analyzed in ImageJ using OrientationJ.,10.1091/mbc.e17-01-0041,Regulation of ATP utilization during metastatic cell migration by collagen architecture,Molecular Biology of the Cell,"Zanotelli MR, Goldblatt ZE, Miller JP, Bordeleau F, Li J, VanderBurgh JA, Lampi MC, King MR, Reinhart-King CA."
58,2018,Orientation angle map,endothelial cell cytoskeleton,Martin et al. (2018),"local orientation angle map was calculated for each pixel using OrientationJ plugin ( Püspöki et al., 2016 ).",10.7554/elife.33864,Control of endothelial cell polarity and sprouting angiogenesis by non-centrosomal microtubules,eLife,"Martin M, Veloso A, Wu J, Katrukha EA, Akhmanova A."
59,2018,Dominant Direction,endothelial cell cytoskeleton under shear stress,Morley et al. (2018),OrientationJ plugin37 quantified cell orientation relative to the direction of shear stress,10.1093/molehr/gay033,Piezo1 channels are mechanosensors in human fetoplacental endothelial cells,MHR: Basic science of reproductive medicine,"Morley LC, Shi J, Gaunt HJ, Hyman AJ, Webster PJ, Williams C, Forbes K, Walker JJ, Simpson NAB, Beech DJ."
60,2018,Dominant Direction,endothelial cell network tissue engineering,Skrzypek et al. (2018),The orientation of skeletonized HUVEC structures relative to surface topography (x-axis) was quantified using the OrientationJ plugin.,10.1007/s10856-018-6102-0,An important step towards a prevascularized islet macroencapsulation device-effect of micropatterned membranes on development of endothelial cell network,Journal of Materials Science: Materials in Medicine,"Skrzypek K, Nibbelink MG, Karbaat LP, Karperien M, van Apeldoorn A, Stamatialis D."
61,2018,Collagen orientation quantification,intervertebral disc collagen/ECM,Krishnamoorthy et al. (2018),"Collagen orientation was quantified from the B-SHG images using OrientationJ, a series of plugins for ImageJ",10.1242/dmm.036012,Dietary advanced glycation end-product consumption leads to mechanical stiffening of murine intervertebral discs,Disease Models & Mechanisms,"Krishnamoorthy D, Hoy RC, Natelson DM, Torre OM, Laudier DM, Iatridis JC, Illien-Jünger S."
62,2018,structure tensor,materials/nanofibers,Rychter et al. (2018),Visual orientation analysis was conducted by OrientationJ and involved the structure tensor calculations for each pixel in the SEM image.,10.1007/s11095-017-2314-0,Cilostazol-Loaded Poly(ε-Caprolactone) Electrospun Drug Delivery System for Cardiovascular Applications,Pharmaceutical Research,"Rychter M, Baranowska-Korczyc A, Milanowski B, Jarek M, Maciejewska BM, Coy EL, Lulek J."
63,2018,Distribution (directionality histogram),muscle mitochondrial network organization,Bleck et al. (2018),the OrientationJ Distributions plugin was used to determine the angles of the mitochondrial network,10.1038/s41467-018-07676-y,Subcellular connectomic analyses of energy networks in striated muscle,Nature Communications,"Bleck CKE, Kim Y, Willingham TB, Glancy B."
64,2018,Coherency map,neuronal alignment in white matter,van et al. (2018),"Coherency of NF200 + axons was measured using the OrientationJ plugin for ImageJ (Fonck et al., 2009 ).",10.1002/glia.23216,Combined fetal inflammation and postnatal hypoxia causes myelin deficits and autism-like behavior in a rat model of diffuse white matter injury,Glia,"van Tilborg E, Achterberg EJM, van Kammen CM, van der Toorn A, Groenendaal F, Dijkhuizen RM, Heijnen CJ, Vanderschuren LJMJ, Benders MNJL, Nijboer CHA."
65,2018,structure tensor algorithm,neuronal fiber alignment in brain,Morawski et al. (2018),the in-plane orientation of fiber structures was obtained from the probability maps using the local edge orientation computed by the Directionality module in FIJI or alternatively using the estimation of local structure tensor algorithm implemented in OrientationJ,10.1016/j.neuroimage.2017.11.060,Developing 3D microscopy with CLARITY on human brain tissue: Towards a tool for informing and validating MRI-based histology,NeuroImage,"Morawski M, Kirilina E, Scherf N, Jäger C, Reimann K, Trampel R, Gavriilidis F, Geyer S, Biedermann B, Arendt T, Weiskopf N."
66,2018,Coherency map,smooth muscle tissue engineering,Kobayashi et al. (2018),"the plugin OrientationJ was used to conduct coherency analysis (Kit, MHC, GFP and β-tubulin)",10.1038/s41598-018-31992-4,Bioengineering functional smooth muscle with spontaneous rhythmic contraction in vitro,Scientific Reports,"Kobayashi M, Khalil HA, Lei NY, Wang Q, Wang K, Wu BM, Dunn JCY."
67,2018,Coherency map,vessel/vascular tissue,Gurevich et al. (2018),"Vessel orientation was measured using the ImageJ plugin OrientationJ, which rates the coherence of neighbouring pixels between 0 (isotropic, no overall direction) and 1 (one dominant direction; Fonck et al , 2009 ).",10.15252/embj.201797786,Live imaging of wound angiogenesis reveals macrophage orchestrated vessel sprouting and regression,The EMBO Journal,"Gurevich DB, Severn CE, Twomey C, Greenhough A, Cash J, Toye AM, Mellor H, Martin P."
68,2019,Distribution (directionality histogram),actin cytoskeleton,Colin-York et al. (2019),"Using the 'OrientationJ' Java plugin for ImageJ, the distribution of fiber orientations within a region of interested was evaluated",10.1038/s42003-019-0322-9,Cytoskeletal actin patterns shape mast cell activation,Communications Biology,"Colin-York H, Li D, Korobchevskaya K, Chang VT, Betzig E, Eggeling C, Fritzsche M."
69,2019,orientation analysis,actin cytoskeleton,Fearing et al. (2019),"F-actin orientation was analyzed from microscopic images (ImageJ plugin, OrientationJ).",10.1096/fj.201802725rrr,Mechanosensitive transcriptional coactivators MRTF-A and YAP/TAZ regulate nucleus pulposus cell phenotype through cell shape,The FASEB Journal,"Fearing BV, Jing L, Barcellona MN, Witte SE, Buchowski JM, Zebala LP, Kelly MP, Luhmann S, Gupta MC, Pathak A, Setton LA."
70,2019,Coherency,actin cytoskeleton,Cascione et al. (2019),The cytoskeletal actin organization was characterized in terms of coherency by means of OrientationJ plugin (ImageJ software),10.3390/ijms20143594,Acute Cytotoxic Effects on Morphology and Mechanical Behavior in MCF-7 Induced by TiO2NPs Exposure,International Journal of Molecular Sciences,"Cascione M, De Matteis V, Mandriota G, Leporatti S, Rinaldi R."
71,2019,orientation/coherency analysis,"artificial cells, tubulin and collagen",Fanalista et al. (2019),the values of tubulin and collagen bundle orientations were obtained using Fiji (OrientationJ plugin) after the background was appropriately subtracted,10.1021/acsnano.9b00220,Shape and Size Control of Artificial Cells for Bottom-Up Biology,ACS Nano,"Fanalista F, Birnie A, Maan R, Burla F, Charles K, Pawlik G, Deshpande S, Koenderink GH, Dogterom M, Dekker C."
72,2019,Vector Field,bacterial biofilm active matter,Yaman et al. (2019),The ImageJ plugin OrientationJ was used to find the nematic director field of the colony.,10.1038/s41467-019-10311-z,Emergence of active nematics in chaining bacterial biofilms,Nature Communications,"Yaman YI, Demir E, Vetter R, Kocabas A."
73,2019,orientation/coherency analysis,biomaterials fiber analysis,Shkarin et al. (2019),"The OrientationJ plug-in is aimed initially at the analysis of microscopy images and provides information about orientation, coherency, and energy within a specified ROI.",10.1371/journal.pone.0215137,Quanfima: An open source Python package for automated fiber analysis of biomaterials,PLOS ONE,"Shkarin R, Shkarin A, Shkarina S, Cecilia A, Surmenev RA, Surmeneva MA, Weinhardt V, Baumbach T, Mikut R."
74,2019,Color-coded orientation map,cell morphology and adhesion,Gonzalez-Molina et al. (2019),"Pseudo-coloured images were obtained with the OrientationJ plugin of ImageJ using a Gaussian window of 2 pixels, a Fourier gradient, and colours representing orientation (hue) and coherency (saturation).",10.1038/s41598-019-44960-3,The extracellular fluid macromolecular composition differentially affects cell-substrate adhesion and cell morphology,Scientific Reports,"Gonzalez-Molina J, Mendonça da Silva J, Fuller B, Selden C."
75,2019,Coherency map,"cell morphomechanics, nanoparticle effects",De et al. (2019),"OrientationJ plugin was used to quantify the coherency parameter by choosing a specific sequence of ROIs in confocal acquisitions, based on the measure of the structure tensors in a local neighborhood.",10.1186/s11671-019-2941-y,Tailoring Cell Morphomechanical Perturbations Through Metal Oxide Nanoparticles,Nanoscale Research Letters,"De Matteis V, Cascione M, Toma CC, Pellegrino P, Rizzello L, Rinaldi R."
76,2019,"Color-coded orientation map, Coherency map, Distribution (directionality histogram)",collagen/ECM biomaterial engineering,Taufalele et al. (2019),"To measure the alignment of the collagen matrices, confocal reflectance images were analyzed via the OrientationJ plugin in ImageJ",10.1371/journal.pone.0216537,Fiber alignment drives changes in architectural and mechanical features in collagen matrices,PLOS ONE,"Taufalele PV, VanderBurgh JA, Muñoz A, Zanotelli MR, Reinhart-King CA."
77,2019,Measure,collagen/ECM in joint osteoarthritis,Reed et al. (2019),All data was collected using the OrientationJ plugin [ 52 ] and collagen orientation measurements follow published methods [ 53 ].,10.1371/journal.pone.0214072,Two-photon fluorescence and second harmonic generation characterization of extracellular matrix remodeling in post-injury murine temporomandibular joint osteoarthritis,PLOS ONE,"Reed DA, Yotsuya M, Gubareva P, Toth PT, Bertagna A."
78,2019,orientation/coherency analysis,collagen/ECM in mammary tissue,Jones et al. (2019),"The maximum intensity projection of these images was analyzed with the OrientationJ plugin for ImageJ [26] , which analyzes fiber orientation on a pixel-by-pixel basis",10.1016/j.neo.2018.10.010,Stromal PTEN Regulates Extracellular Matrix Organization in the Mammary Gland,Neoplasia,"Jones CE, Hammer AM, Cho Y, Sizemore GM, Cukierman E, Yee LD, Ghadiali SN, Ostrowski MC, Leight JL."
79,2019,Coherency map,collagen/ECM in tumors,Desa et al. (2019),Coherency-based F/B was calculated from tumor bulk and tumor–host interface in each HER2+ core needle biopsy ( n = 29 ) using OrientationJ.,10.1117/1.jbo.24.8.086503,Second-harmonic generation directionality is associated with neoadjuvant chemotherapy response in breast cancer core needle biopsies,Journal of Biomedical Optics,"Desa DE, Bhanote M, Hill RL, Majeski JB, Buscaglia B, D'Aguiar M, Strawderman R, Hicks DG, Turner BM, Brown EB."
80,2019,orientation/coherency analysis,collagen/ECM in tumors,Natal et al. (2019),Quantitative analysis of collagen parameters was performed in SHG images using ImageJ and OrientationJ plug-in,10.1038/s41598-019-44156-9,Exploring Collagen Parameters in Pure Special Types of Invasive Breast Cancer,Scientific Reports,"Natal RA, Paiva GR, Pelegati VB, Marenco L, Alvarenga CA, Vargas RF, Derchain SF, Sarian LO, Franchet C, Cesar CL, Schmitt FC, Weigelt B, Vassallo J."
81,2019,orientation/coherency analysis,collagen/ECM in tumors,Nguyen et al. (2019),The orientation of ECM fibers was analyzed using ImageJ (NIH) plugin OrientationJ as previously described,10.1074/mcp.ra119.001496,Proteomic Profiling of Human Prostate Cancer-associated Fibroblasts (CAF) Reveals LOXL2-dependent Regulation of the Tumor Microenvironment,Molecular & Cellular Proteomics,"Nguyen EV, Pereira BA, Lawrence MG, Ma X, Rebello RJ, Chan H, Niranjan B, Wu Y, Ellem S, Guan X, Wu J, Skhinas JN, Cox TR, Risbridger GP, Taylor RA, Lister NL, Daly RJ."
82,2019,Coherency,collagen/ECM in tumors,Sheen et al. (2019),"coherency, the degree to which the local features are oriented, was measured with OrientationJ ( Rezakhaniha et al., 2012 )",10.7554/elife.45120,Replication Study: Biomechanical remodeling of the microenvironment by stromal caveolin-1 favors tumor invasion and metastasis,eLife,"Sheen MR, Fields JL, Northan B, Lacoste J, Ang LH, Fiering S, Reproducibility Project: Cancer Biology."
83,2019,orientation/coherency analysis,collagen/ECM in tumors,Zeltz et al. (2019),Alignment of collagen fibers in the remodeled matrix was recorded using second harmonic generation and analyzed with OrientationJ.,10.3390/cancers11050705,LOXL1 Is Regulated by Integrin α11 and Promotes Non-Small Cell Lung Cancer Tumorigenicity,Cancers,"Zeltz C, Pasko E, Cox TR, Navab R, Tsao MS."
84,2019,orientation/coherency analysis,"colloidal liquid crystals, tactoids",Gârlea et al. (2019),"The local alignment is determined using the plug-in ""OrientationJ"" of ""ImageJ"".",10.1038/s41598-019-56729-9,Colloidal Liquid Crystals Confined to Synthetic Tactoids,Scientific Reports,"Gârlea IC, Dammone O, Alvarado J, Notenboom V, Jia Y, Koenderink GH, Aarts DGAL, Lettinga MP, Mulder BM."
85,2019,Harris corner detection (with OrientationJ for image analysis support),fish olfactory organ morphology,Ferrando et al. (2019),this count was performed individuating the Harris corners (by an algorithm) in the lamellae silhouettes using the OrientationJ plug-in for ImageJ,10.3389/fphys.2019.00245,Secondary Folds Contribute Significantly to the Total Surface Area in the Olfactory Organ of Chondrichthyes,Frontiers in Physiology,"Ferrando S, Amaroli A, Gallus L, Aicardi S, Di Blasi D, Christiansen JS, Vacchi M, Ghigliotti L."
86,2019,average fiber diameter and porosity analysis,materials/nanofibers,Liverani et al. (2019),The calculation of the average fiber diameter and the analysis of the porosity were performed by using ImageJ and its plugins (DiameterJ and OrientationJ),10.1038/s41598-018-37640-1,Electrospun patterned porous scaffolds for the support of ovarian follicles growth: a feasibility study,Scientific Reports,"Liverani L, Raffel N, Fattahi A, Preis A, Hoffmann I, Boccaccini AR, Beckmann MW, Dittrich R."
87,2019,Orientation/coherency analysis,"muscle tissue engineering, meat analogs",MacQueen et al. (2019),Analysis of fiber diameter and alignment ImageJ software (NIH) with the DiameterJ and OrientationJ plug-ins was used to determine fiber diameter and alignment from the SEM images,10.1038/s41538-019-0054-8,Muscle tissue engineering in fibrous gelatin: implications for meat analogs,npj Science of Food,"MacQueen LA, Alver CG, Chantre CO, Ahn S, Cera L, Gonzalez GM, O'Connor BB, Drennan DJ, Peters MM, Motta SE, Zimmerman JF, Parker KK."
88,2019,Coherency map; Color-coded orientation map,neuronal alignment in cerebral organoids,Giandomenico et al. (2019),"The product of OrientationJ coherency and energy output levels was quantified in whole organoids compared with ALI-COs, demonstrating more aligned structures.",10.1038/s41593-019-0350-2,Cerebral organoids at the air-liquid interface generate diverse nerve tracts with functional output,Nature Neuroscience,"Giandomenico SL, Mierau SB, Gibbons GM, Wenger LMD, Masullo L, Sit T, Sutcliffe M, Boulanger J, Tripodi M, Derivery E, Paulsen O, Lakatos A, Lancaster MA."
89,2019,orientation,"septin filaments, membrane structure",Beber et al. (2019),SEM images were analyzed using OrientationJ (a plug-in for imageJ) to determine the orientation of the filaments,10.1038/s41467-019-08344-5,Membrane reshaping by micrometric curvature sensitive septin filaments,Nature Communications,"Beber A, Taveneau C, Nania M, Tsai FC, Di Cicco A, Bassereau P, Lévy D, Cabral JT, Isambert H, Mangenot S, Bertin A."
90,2020,Coherency map,actin cytoskeleton,Layton et al. (2020),The orientation properties of the actin filaments in myofibroblast immunofluorescence images (Phalloidin-488) were computed based on the evaluation of the structure tensor in a local neighbourhood using the Java plugin for ImageJ 'OrientationJ'.,10.1242/bio.049809,Single cell force profiling of human myofibroblasts reveals a biophysical spectrum of cell states,Biology Open,"Layton TB, Williams L, Colin-York H, McCann FE, Cabrita M, Feldmann M, Brown C, Xie W, Fritzsche M, Furniss D, Nanchahal J."
91,2020,Coherency map,actin cytoskeleton,Rougerie et al. (2020),We quantified the average spatial orientation of actin fibers in confocal z-stack using OrientationJ Fiji plugin 25 and we observed that the anisotropic density of F-actin was accompanied with a curvature-dependent longitudinal alignment,10.1038/s41598-020-70907-0,Topographical curvature is sufficient to control epithelium elongation,Scientific Reports,"Rougerie P, Pieuchot L, Dos Santos RS, Marteau J, Bigerelle M, Chauvy PF, Farina M, Anselme K."
92,2020,orientation/coherency analysis,actin cytoskeleton,Xu et al. (2020),The anisotropy of actin fibers was measured using OrientationJ plug-in for ImageJ to evaluate the arrangement of stress fibers.,10.3389/fcell.2020.547342,Nesfatin-1 Promotes the Osteogenic Differentiation of Tendon-Derived Stem Cells and the Pathogenesis of Heterotopic Ossification in Rat Tendons via the mTOR Pathway,Frontiers in Cell and Developmental Biology,"Xu K, Zhang Z, Chen M, Moqbel SAA, He Y, Ma C, Jiang L, Xiong Y, Wu L."
93,2020,Dominant Direction,"actin cytoskeleton, skeletal muscle",Owens et al. (2020),Actin fiber coherence in the dominant direction as determined by analysis of confocal images of myotubes stained fluorescently for actin (phalloidin) in ImageJ using OrientationJ plug-in.,10.3390/ijms22010306,Lamin-Related Congenital Muscular Dystrophy Alters Mechanical Signaling and Skeletal Muscle Growth,International Journal of Molecular Sciences,"Owens DJ, Messéant J, Moog S, Viggars M, Ferry A, Mamchaoui K, Lacène E, Roméro N, Brull A, Bonne G, Butler-Browne G, Coirault C."
94,2020,Distribution (directionality histogram),arterial tissue mechanics,Weiss et al. (2020),the in-plane distribution of orientations was estimated using a 2D structure tensor analysis with OrientationJ implemented for ImageJ.,10.1126/sciadv.abd3574,Mechanics-driven mechanobiological mechanisms of arterial tortuosity,Science Advances,"Weiss D, Cavinato C, Gray A, Ramachandra AB, Avril S, Humphrey JD, Latorre M."
95,2020,structure tensor analysis,astrocyte and myelin alignment,Sullivan et al. (2020),"OrientationJ Plug-in (RRID:SCR_014796, http://bigwww.epfl.ch/demo/orientation/ ) was used for structure tensor analysis",10.1186/s40478-020-00960-3,Transplantation of induced neural stem cells (iNSCs) into chronically demyelinated corpus callosum ameliorates motor deficits,Acta Neuropathologica Communications,"Sullivan GM, Knutsen AK, Peruzzotti-Jametti L, Korotcov A, Bosomtwi A, Dardzinski BJ, Bernstock JD, Rizzi S, Edenhofer F, Pluchino S, Armstrong RC."
96,2020,Distribution (directionality histogram),bone/mineralized tissue,Lim et al. (2020),"aligned scaffolds showed a distribution of orientations concentrated over 1000 in certain degree orientations, while random patterned scaffolds showed a distribution of orientations under 1000 with varying degree orientations",10.3390/polym13010060,Aligned Nanofiber-Guided Bone Regeneration Barrier Incorporated with Equine Bone-Derived Hydroxyapatite for Alveolar Bone Regeneration,Polymers,"Lim JW, Jang KJ, Son H, Park S, Kim JE, Kim HB, Seonwoo H, Choung YH, Lee MC, Chung JH."
97,2020,Distribution (directionality histogram),cardiac myofibril alignment,Chanthra et al. (2020),immunofluorescent images for α-actinin were transformed into frequency spectrum images for the evaluation of the distributions of orientation frequencies by OrientationJ,10.1038/s41598-020-61163-3,A Novel Fluorescent Reporter System Identifies Laminin-511/521 as Potent Regulators of Cardiomyocyte Maturation,Scientific Reports,"Chanthra N, Abe T, Miyamoto M, Sekiguchi K, Kwon C, Hanazono Y, Uosaki H."
98,2020,orientation/coherency analysis,cardiac tissue engineering,Tsukamoto et al. (2020),"ImageJ plug-in, OrientationJ, was used for the quantification of the fabricated 3D tissue's cell orientation",10.1038/s41598-020-59371-y,Vascularized cardiac tissue construction with orientation by layer-by-layer method and 3D printer,Scientific Reports,"Tsukamoto Y, Akagi T, Akashi M."
99,2020,Coherency,cardiac tissue engineering,Zouhair et al. (2020),"Coherency, i.e., C, was calculated for collagen and elastin to verify the local dominant orientation in representative regions of interest (n = 9) using OrientationJ",10.3390/biom10030371,A Comprehensive Comparison of Bovine and Porcine Decellularized Pericardia: New Insights for Surgical Applications,Biomolecules,"Zouhair S, Sasso ED, Tuladhar SR, Fidalgo C, Vedovelli L, Filippi A, Borile G, Bagno A, Marchesan M, Giorgio R, Gregori D, Wolkers WF, Romanato F, Korossis S, Gerosa G, Iop L."
100,2020,orientation/coherency analysis,"cardiac tissue, pulmonary hypertension",Sharifi et al. (2020),Image processing and fiber orientation analysis were performed using the OrientationJ toolbox in ImageJ,10.1161/jaha.119.015708,Angiotensin Receptor-Neprilysin Inhibition Attenuates Right Ventricular Remodeling in Pulmonary Hypertension,Journal of the American Heart Association,"Sharifi Kia D, Benza E, Bachman TN, Tushak C, Kim K, Simon MA."
101,2020,orientation/coherency analysis,cellular contractile forces and cytoskeleton,Feld et al. (2020),Fiber orientation analysis was performed using the Ridge Detection and OrientationJ plugins for Fiji.,10.1126/sciadv.aaz6997,Cellular contractile forces are nonmechanosensitive,Science Advances,"Feld L, Kellerman L, Mukherjee A, Livne A, Bouchbinder E, Wolfenson H."
102,2020,Color-coded orientation map,cerebral ischemia tissue repair and microvasculature,Lu et al. (2020),Local orientation and coherence were computed for each pixel of the filter-enhanced 2-D en face angiogram based on its structure tensor using OrientationJ,10.1117/1.jbo.25.4.046002,Longitudinal optical coherence tomography imaging of tissue repair and microvasculature regeneration and function after targeted cerebral ischemia,Journal of Biomedical Optics,"Lu Y, Lu X, Zhang C, Marchand PJ, Lesage F."
103,2020,Coherency map,collagen/ECM in tissue,Liu et al. (2020),"the alignment for OrientationJ uses the coherency calculated in the tool, while the alignment for CytoSpectre equals 1 - circular variance of the orientations.",10.3389/fbioe.2020.00198,Fibrillar Collagen Quantification With Curvelet Transform Based Computational Methods,Frontiers in Bioengineering and Biotechnology,"Liu Y, Keikhosravi A, Pehlke CA, Bredfeldt JS, Dutson M, Liu H, Mehta GS, Claus R, Patel AJ, Conklin MW, Inman DR, Provenzano PP, Sifakis E, Patel JM, Eliceiri KW."
104,2020,Distribution (directionality histogram),collagen/ECM in tumors,Hoang et al. (2020),"the FIJI plugins DiameterJ and OrientationJ were used to generate data on the distributions of fiber diameter, orientation, and pore size",10.3389/fonc.2020.01164,ERK5 Is Required for Tumor Growth and Maintenance Through Regulation of the Extracellular Matrix in Triple Negative Breast Cancer,Frontiers in Oncology,"Hoang VT, Matossian MD, Ucar DA, Elliott S, La J, Wright MK, Burks HE, Perles A, Hossain F, King CT, Browning VE, Bursavich J, Fang F, Del Valle L, Bhatt AB, Cavanaugh JE, Flaherty PT, Anbalagan M, Rowan BG, Bratton MR, Nephew KP, Miele L, Collins-Burow BM, Martin EC, Burow ME."
105,2020,Distribution (directionality histogram),collagen/ECM in tumors,Jaeschke et al. (2020),The OrientationJ plugin in Fiji (ImageJ 1.52p) was used for orientation distribution analysis.,10.1016/j.mtbio.2020.100073,Cancer-associated fibroblasts of the prostate promote a compliant and more invasive phenotype in benign prostate epithelial cells,Materials Today Bio,"Jaeschke A, Jacobi A, Lawrence MG, Risbridger GP, Frydenberg M, Williams ED, Vela I, Hutmacher DW, Bray LJ, Taubenberger A."
106,2020,orientation/coherency analysis,collagen/ECM in tumors,Druzhkova et al. (2020),"Quantitative analysis of the SHG signal was performed using ImageJ software (National Institutes of Health, Bethesda, MD, USA) and the OrientationJ plugin.",10.3390/ijms21218119,Expression of EMT-Related Genes in Hybrid E/M Colorectal Cancer Cells Determines Fibroblast Activation and Collagen Remodeling,International Journal of Molecular Sciences,"Druzhkova I, Shirmanova M, Ignatova N, Dudenkova V, Lukina M, Zagaynova E, Safina D, Kostrov S, Didych D, Kuzmich A, Sharonov G, Rakitina O, Alekseenko I, Sverdlov E."
107,2020,Coherency map,extracellular vesicles in colon cancer,Lucchetti et al. (2020),Analyses were performed using the OrientationJ plugins to analyze the coherency,10.3390/cancers12020260,CD147 Promotes Cell Small Extracellular Vesicles Release during Colon Cancer Stem Cells Differentiation and Triggers Cellular Changes in Recipient Cells,Cancers,"Lucchetti D, Colella F, Perelli L, Ricciardi-Tenore C, Calapà F, Fiori ME, Carbone F, De Maria R, Sgambato A."
108,2020,Distribution (directionality histogram),fibrin ECM and cell mechanotransduction,Natan et al. (2020),"Orientation distribution of the fibrous matrix between cell pairs was conducted based on 2D images, using ImageJ with the ImageJ plug-in, OrientationJ",10.1091/mbc.e20-01-0079,Long-range mechanical coupling of cells in 3D fibrin gels,Molecular Biology of the Cell,"Natan S, Koren Y, Shelah O, Goren S, Lesman A."
109,2020,Color-coded orientation map,fibroblast cell alignment and ECM,Hashimoto et al. (2020),These images were analysed with the ImageJ plugin OrientationJ [ 19 ] to generate the colour-coded maps shown in Fig.,10.1007/s10867-020-09556-3,The effects of coating culture dishes with collagen on fibroblast cell shape and swirling pattern formation,Journal of Biological Physics,"Hashimoto K, Yamashita K, Enoyoshi K, Dahan X, Takeuchi T, Kori H, Gotoh M."
110,2020,Measure,lymphatic endothelial cell alignment,Michalaki et al. (2020),"0, 6, 12, 18, and 24 h, using the OrientationJ Measure plugin in Fiji for 50 cells per binned region.",10.1038/s42003-019-0732-8,Perpendicular alignment of lymphatic endothelial cells in response to spatial gradients in wall shear stress,Communications Biology,"Michalaki E, Surya VN, Fuller GG, Dunn AR."
111,2020,orientation/coherency analysis,materials/nanofibers,Andrzejewski et al. (2020),"Basalt fiber arrangement was analyzed using the OrientationJ plugin, where the task of this software is to characterize the orientation in the image based on the evaluation of the structure tensor in the local neighborhood.",10.3390/ma13163496,The Influence of the Hybridization Process on the Mechanical and Thermal Properties of Polyoxymethylene (POM) Composites with the Use of a Novel Sustainable Reinforcing System Based on Biocarbon and Basalt Fiber (BC/BF),Materials,"Andrzejewski J, Gapiński B, Islam A, Szostak M."
112,2020,Measure,microtubule motor protein dynamics,Kaneko et al. (2020),"Using OrientationJ, the angles were calculated for each pixel of the fluorescence images of the microtubules.",10.1126/sciadv.aax7413,Different motilities of microtubules driven by kinesin-1 and kinesin-14 motors patterned on nanopillars,Science Advances,"Kaneko T, Furuta K, Oiwa K, Shintaku H, Kotera H, Yokokawa R."
113,2020,Dominant Direction,plant cell microtubule cytoskeleton,Colin et al. (2020),"We first calculated a mean CMT orientation per protoplast, with the OrientationJ, Dominant Direction plugin, and second, we calculated a deformation ratio",10.1073/pnas.2008895117,Cortical tension overrides geometrical cues to orient microtubules in confined protoplasts,Proceedings of the National Academy of Sciences,"Colin L, Chevallier A, Tsugawa S, Gacon F, Godin C, Viasnoff V, Saunders TE, Hamant O."
114,2020,Color-coded orientation map,skeletal muscle myofibrils,Jensen et al. (2020),"Composite images were composed of 252 frames, and the OrientationJ ImageJ plug-in was used to false-color the image according to the local angle of orientation of F-actin filaments.",10.1038/s41598-020-69936-6,Large-scale spontaneous self-organization and maturation of skeletal muscle tissues on ultra-compliant gelatin hydrogel substrates,Scientific Reports,"Jensen JH, Cakal SD, Li J, Pless CJ, Radeke C, Jepsen ML, Jensen TE, Dufva M, Lind JU."
115,2020,Distribution (directionality histogram),skeletal muscle tissue engineering,Velasco-Mallorquí et al. (2020),"The ImageJ PlugIn ""OrientationJ"" software was used to see the distribution of the aligned fibers and the alignment of the cells in a random fiber distribution of the cryogel against the anisotropic cryogels.",10.1039/d0na00268b,New volumetric CNT-doped gelatin-cellulose scaffolds for skeletal muscle tissue engineering,Nanoscale Advances,"Velasco-Mallorquí F, Fernández-Costa JM, Neves L, Ramón-Azcón J."
116,2020,Measure,"smooth muscle cell alignment, tissue engineering",Adamowicz et al. (2020),"The orientation of cultivated SMC was established by a square ROI (80 × 80 pixels) (n = 10) analysis using ImageJ OrientationJ (EPFL, Switzerland) plugin.",10.1038/s41598-020-62197-3,Development of a conductive biocomposite combining graphene and amniotic membrane for replacement of the neuronal network of tissue-engineered urinary bladder,Scientific Reports,"Adamowicz J, Pasternak I, Kloskowski T, Gniadek M, Van Breda SV, Buhl M, Balcerczyk D, Gagat M, Grzanka D, Strupinski W, Pokrywczynska M, Drewa T."
117,2020,Coherency map,"tendon tissue engineering, collagen alignment",Talò et al. (2020),"To quantify the coherency and the local alignment of the new collagen deposition within the inner injected channels, ImageJ plug-in OrientationJ (Version 19.11.2012) was employed.",10.1007/s10439-019-02257-6,"Independent, Controllable Stretch-Perfusion Bioreactor Chambers to Functionalize Cell-Seeded Decellularized Tendons",Annals of Biomedical Engineering,"Talò G, D'Arrigo D, Lorenzi S, Moretti M, Lovati AB."
118,2021,Coherency map,actin cytoskeleton,De et al. (2021),"Coherency values of F-actin were performed on 20 cells, using the OrientationJ plugin of the ImageJ 1.47 software.",10.3390/molecules26102885,Physico-Chemical Properties of Inorganic NPs Influence the Absorption Rate of Aquatic Mosses Reducing Cytotoxicity on Intestinal Epithelial Barrier Model,Molecules,"De Matteis V, Rojas M, Cascione M, Mazzotta S, Di Sansebastiano GP, Rinaldi R."
119,2021,Coherency map,actin cytoskeleton,De et al. (2021),Morphometric quantification (coherency of F-actin) was performed on 15 cells using the OrientationJ plugin of the ImageJ 1.47 software.,10.3390/cancers13143610,Synergistic Effect Induced by Gold Nanoparticles with Polyphenols Shell during Thermal Therapy: Macrophage Inflammatory Response and Cancer Cell Death Assessment,Cancers,"De Matteis V, Cascione M, Rizzello L, Manno DE, Di Guglielmo C, Rinaldi R."
120,2021,Color-coded orientation map,actin cytoskeleton and mitochondrial networks,Moore et al. (2021),"Orientation maps of the segmented cables were generated in the Fiji plugin OrientationJ, using a cubic spline gradient with gaussian window sigma = 2 pix.",10.1038/s41586-021-03309-5,Actin cables and comet tails organize mitochondrial networks in mitosis,Nature,"Moore AS, Coscia SM, Simpson CL, Ortega FE, Wait EC, Heddleston JM, Nirschl JJ, Obara CJ, Guedes-Dias P, Boecker CA, Chew TL, Theriot JA, Lippincott-Schwartz J, Holzbaur ELF."
121,2021,Distribution (directionality histogram),actin cytoskeleton in kidney tubules,Myram et al. (2021),Distribution of F-actin local orientation as assessed by OrientationJ software for PCT Pkd1 +/- (blue) and Pkd1 -/- (red) cells.,10.3389/fbioe.2021.624553,A Multitubular Kidney-on-Chip to Decipher Pathophysiological Mechanisms in Renal Cystic Diseases,Frontiers in Bioengineering and Biotechnology,"Myram S, Venzac B, Lapin B, Battistella A, Cayrac F, Cinquin B, Cavaniol C, Gropplero G, Bonnet I, Demolombe S, Descroix S, Coscoy S."
122,2021,Color-coded orientation map,"actin cytoskeleton, muscle regeneration",Girardi et al. (2021),These pictures were analyzed with OrientationJ (ImageJ Plug-in) to obtain a color-coded orientation mask.,10.1038/s41467-020-20289-8,TGFβ signaling curbs cell fusion and muscle regeneration,Nature Communications,"Girardi F, Taleb A, Ebrahimi M, Datye A, Gamage DG, Peccate C, Giordani L, Millay DP, Gilbert PM, Cadot B, Le Grand F."
123,2021,Distribution (directionality histogram),airway smooth muscle tissue engineering,Jin et al. (2021),Assessment of Cell Orientation Quantification of ASMC orientation cultured on the concave and convex surfaces and the cylinder axis was performed using the distribution analysis function in the plugin OrientationJ,10.3389/fmolb.2021.717771,Emergent Differential Organization of Airway Smooth Muscle Cells on Concave and Convex Tubular Surface,Frontiers in Molecular Biosciences,"Jin Y, Liu L, Yu P, Lin F, Shi X, Guo J, Che B, Duan Y, Li J, Pan Y, Luo M, Deng L."
124,2021,Color-coded orientation map,cancer cell invasion in microfluidics,Samandari et al. (2021),"the color maps were generated using the ""OrientationJ"" plugin in ImageJ",10.1038/s41598-021-89635-0,"A simple, low cost and reusable microfluidic gradient strategy and its application in modeling cancer invasion",Scientific Reports,"Samandari M, Rafiee L, Alipanah F, Sanati-Nezhad A, Javanmard SH."
125,2021,orientation/coherency analysis,cardiac myocardial fiber kinematics,Sharifi et al. (2021),Image processing and fiber orientation analysis of histological sections were performed using the OrientationJ toolbox in ImageJ,10.1038/s41598-021-83154-8,An exploratory assessment of stretch-induced transmural myocardial fiber kinematics in right ventricular pressure overload,Scientific Reports,"Sharifi Kia D, Fortunato R, Maiti S, Simon MA, Kim K."
126,2021,Distribution (directionality histogram),"cardiac tissue, aortic microstructure",Cavinato et al. (2021),the in-plane primary orientation and alignment were estimated via a distribution of orientations for each circumferential-axial section,10.3389/fcvm.2021.800730,Progressive Microstructural Deterioration Dictates Evolving Biomechanical Dysfunction in the Marfan Aorta,Frontiers in Cardiovascular Medicine,"Cavinato C, Chen M, Weiss D, Ruiz-Rodríguez MJ, Schwartz MA, Humphrey JD."
127,2021,Coherency map,cardiac valve fibrosis,Jannasch et al. (2021),The degree of organization of collagen fibers was retrieved using the plugin OrientationJ for ImageJ.,10.1038/s41598-021-85142-4,Optical coherence tomography and multiphoton microscopy offer new options for the quantification of fibrotic aortic valve disease in ApoE-/- mice,Scientific Reports,"Jannasch A, Schnabel C, Galli R, Faak S, Büttner P, Dittfeld C, Tugtekin SM, Koch E, Matschke K."
128,2021,Orientation and Coherency analysis,collagen fiber alignment in ear tissue,Wu et al. (2021),OrientationJ in ImageJ was used to quantify the orientation and coherency features of the collagen fibers constituting the pars tensa across the thickness,10.3389/fcell.2021.720383,High Resolution and Labeling Free Studying the 3D Microstructure of the Pars Tensa-Annulus Unit of Mice,Frontiers in Cell and Developmental Biology,"Wu JP, Yang X, Wang Y, Swift B, Adamson R, Zheng Y, Zhang R, Zhong W, Chen F."
129,2021,Measure,collagen/ECM fibrillogenesis,Jones et al. (2021),fiber orientation was quantified using the ImageJ plugin OrientationJ [ 25 ] with previously published settings [ 24 ],10.1371/journal.pone.0245653,Pten regulates collagen fibrillogenesis by fibroblasts through SPARC,PLOS ONE,"Jones CE, Sharick JT, Colbert SE, Shukla VC, Zent JM, Ostrowski MC, Ghadiali SN, Sizemore ST, Leight JL."
130,2021,Color-coded orientation map,collagen/ECM in adipose tissue,Stocco et al. (2021),"OrientationJ is a Java plugin for ImageJ/FIJI which allows to visualize with a Hue, Saturation and Brightness (HSB) map the directionality within the sample.",10.3389/fmed.2021.661403,Age-Dependent Remodeling in Infrapatellar Fat Pad Adipocytes and Extracellular Matrix: A Comparative Study,Frontiers in Medicine,"Stocco E, Belluzzi E, Contran M, Boscolo-Berto R, Picardi E, Guidolin D, Fontanella CG, Olivotto E, Filardo G, Borile G, Romanato F, Ramonda R, Ruggieri P, Favero M, Porzionato A, De Caro R, Macchi V."
131,2021,Dominant Direction + Coherency,collagen/ECM in tumors,Drain et al. (2021),Fiber coherency was measured in the dominant fiber direction as determined by OrientationJ for each image.,10.1084/jem.20191360,Matrix compliance permits NF-κB activation to drive therapy resistance in breast cancer,Journal of Experimental Medicine,"Drain AP, Zahir N, Northey JJ, Zhang H, Huang PJ, Maller O, Lakins JN, Yu X, Leight JL, Alston-Mills BP, Hwang ES, Chen YY, Park CC, Weaver VM."
132,2021,orientation/coherency analysis,collagen/ECM in tumors,Budden et al. (2021),Fibre orientation analysis was performed using ImageJ OrientationJ plugin,10.1038/s41467-021-22953-z,Ultraviolet light-induced collagen degradation inhibits melanoma invasion,Nature Communications,"Budden T, Gaudy-Marqueste C, Porter A, Kay E, Gurung S, Earnshaw CH, Roeck K, Craig S, Traves V, Krutmann J, Muller P, Motta L, Zanivan S, Malliri A, Furney SJ, Nagore E, Virós A."
133,2021,Color-coded orientation map,collagen/ECM in wound healing,Parvanian et al. (2021),Color maps of the collagen I fibers generated using the OrientationJ plugin.,10.3390/ijms22094678,Exosomal Vimentin from Adipocyte Progenitors Protects Fibroblasts against Osmotic Stress and Inhibits Apoptosis to Enhance Wound Healing,International Journal of Molecular Sciences,"Parvanian S, Zha H, Su D, Xi L, Jiu Y, Chen H, Eriksson JE, Cheng F."
134,2021,Distribution (directionality histogram),endothelial cell cytoskeleton alignment,Silvani et al. (2021),"Distribution of EC orientations after 4 h (green), 24h (red), and 48 h (blue) from seeding obtained with ""orientationJ distribution"" of ImageJ software.",10.3389/fbioe.2021.612151,Biomechanical Characterization of Endothelial Cells Exposed to Shear Stress Using Acoustic Force Spectroscopy,Frontiers in Bioengineering and Biotechnology,"Silvani G, Romanov V, Cox CD, Martinac B."
135,2021,"Color-coded orientation map, Distribution (directionality histogram), Dominant Direction","fibronectin ECM assembly, fibroblast mechanobiology",Garrison et al. (2021),"individual matrix assembly site orientations were calculated for individual cells using OrientationJ, averaged across cells (WI-38 n = 27, NIH 3T3 n = 36), and plotted from –90° to 90°.",10.1091/mbc.e20-08-0533,Fibronectin fibril alignment is established upon initiation of extracellular matrix assembly,Molecular Biology of the Cell,"Garrison CM, Schwarzbauer JE."
136,2021,structure tensor (orientation/coherency analysis),materials/nanofibers,Tagliaferri et al. (2021),The platelet orientation angle was quantified calculating the gradient structure tensor of the tomographic images (via the OrientationJ plug-in for ImageJ),10.1021/acsnano.1c06535,Aqueous Inks of Pristine Graphene for 3D Printed Microsupercapacitors with High Capacitance,ACS Nano,"Tagliaferri S, Nagaraju G, Panagiotopoulos A, Och M, Cheng G, Iacoviello F, Mattevi C."
137,2021,Distribution (directionality histogram) + Color-coded orientation map,materials/nanofibers,Belousov et al. (2021),The analysis of SEM images in the ImageJ program using the OrientationJ plugin was performed in the Orientation Distribution module with the Gaussian Gradient structural tensor.,10.3390/ma14216714,Thermochemical Laser-Induced Periodic Surface Structures Formation by Femtosecond Laser on Hf Thin Films in Air and Vacuum,Materials,"Belousov DA, Bronnikov KA, Okotrub KA, Mikerin SL, Korolkov VP, Terentyev VS, Dostovalov AV."
138,2021,Distribution (directionality histogram),microtubule cytoskeleton dynamics,Memarian et al. (2021),ImageJ plugin OrientationJ to calculate angular distributions of MTs with a bin size of 5° to calculate angular distributions of the MTs using the published method from Inoue et al.,10.1073/pnas.2117107118,Active nematic order and dynamic lane formation of microtubules driven by membrane-bound diffusing motors,Proceedings of the National Academy of Sciences,"Memarian FL, Lopes JD, Schwarzendahl FJ, Athani MG, Sarpangala N, Gopinathan A, Beller DA, Dasbiswas K, Hirst LS."
139,2021,Coherency map / Measure,myelination complexity in neuropsychiatric tissue,Hsieh et al. (2021),Quantitative coherency analysis using OrientationJ to assess the myelination complexity in the ACC and the hippocampal regions.,10.1111/bpa.12870,Detection of endophenotypes associated with neuropsychiatric deficiencies in a mouse model of tuberous sclerosis complex using diffusion tensor imaging,Brain Pathology,"Hsieh CC, Lo YC, Li SJ, Lin TC, Chang CW, Chen TC, Yang SH, Lee YC, Chen YY."
140,2021,orientation/coherency analysis,neural tissue engineering scaffolds,Osorio-Londoño et al. (2021),"Cell morphology and orientation of cell structures analysis was conducted in ImageJ/Fiji (NIH, Bethesda, MD, USA), with the OrientationJ plugin",10.3390/polym13223876,Pyrrole Plasma Polymer-Coated Electrospun Scaffolds for Neural Tissue Engineering,Polymers,"Osorio-Londoño DM, Godínez-Fernández JR, Acosta-García MC, Morales-Corona J, Olayo-González R, Morales-Guadarrama A."
141,2021,orientation/coherency analysis,"neuronal alignment, nanofiber scaffolds",Antonova et al. (2021),Fiber orientation was determined using the OrientationJ plugin and Directionality ImageJ software,10.3390/nano11020516,ECM-Mimetic Nylon Nanofiber Scaffolds for Neurite Growth Guidance,Nanomaterials,"Antonova OY, Kochetkova OY, Shlyapnikov YM."
142,2021,Coherency map,neuronal tissue and brain imaging,Alexander et al. (2021),Percent area and coherency were quantified using ImageJ with the OrientationJ plugin as described before,10.7150/thno.53474,Nasal administration of mitochondria reverses chemotherapy-induced cognitive deficits,Theranostics,"Alexander JF, Seua AV, Arroyo LD, Ray PR, Wangzhou A, Heiβ-Lückemann L, Schedlowski M, Price TJ, Kavelaars A, Heijnen CJ."
143,2021,Coherency and fiber alignment (Measure),optic nerve gliosis / neuroinflammation,Tribble et al. (2021),GFAP fiber alignment (to detect process remodeling typical of gliosis in the optic nerve) was measured using OrientationJ,10.1167/tvst.10.1.21,Retinal Ganglion Cell Degeneration in a Rat Magnetic Bead Model of Ocular Hypertensive Glaucoma,Translational Vision Science & Technology,"Tribble JR, Otmani A, Kokkali E, Lardner E, Morgan JE, Williams PA."
144,2022,Coherency map,actin cytoskeleton,Potolitsyna et al. (2022),Actin cytoskeleton coherence was measured from phalloidin staining with the OrientationJ plugin,10.1038/s41598-022-14296-6,Long non-coding RNA HOTAIR regulates cytoskeleton remodeling and lipid storage capacity during adipogenesis,Scientific Reports,"Potolitsyna E, Hazell Pickering S, Germier T, Collas P, Briand N."
145,2022,Coherency map,actin cytoskeleton,Knox et al. (2022),"The coherence of the actin filamentous directionality was measured using OrientationJ, a plugin for Fiji/ImageJ, with the region of interest (ROI) set to the entirety of each im…",10.1016/j.isci.2022.105648,Microbial-derived metabolites induce actin cytoskeletal rearrangement and protect blood-brain barrier function,iScience,"Knox EG, Aburto MR, Tessier C, Nagpal J, Clarke G, O'Driscoll CM, Cryan JF."
146,2022,orientation/coherency analysis,actin cytoskeleton,Tsai et al. (2022),"we performed image analysis using the ""OrientationJ"" plugin in ImageJ/Fiji",10.1126/sciadv.abp8677,Activated I-BAR IRSp53 clustering controls the formation of VASP-actin-based membrane protrusions,Science Advances,"Tsai FC, Henderson JM, Jarin Z, Kremneva E, Senju Y, Pernier J, Mikhajlov O, Manzi J, Kogan K, Le Clainche C, Voth GA, Lappalainen P, Bassereau P."
147,2022,Color-coded orientation map,airway mucus and mucins,Kato et al. (2022),Inset was falsely colored according to angular alignment of pixels quantified with OrientationJ.,10.1126/sciadv.abm9718,Mucus concentration-dependent biophysical abnormalities unify submucosal gland and superficial airway dysfunction in cystic fibrosis,Science Advances,"Kato T, Radicioni G, Papanikolas MJ, Stoychev GV, Markovetz MR, Aoki K, Porterfield M, Okuda K, Barbosa Cardenas SM, Gilmore RC, Morrison CB, Ehre C, Burns KA, White KK, Brennan TA, Goodell HP, Thacker H, Loznev HT, Forsberg LJ, Nagase T, Rubinstein M, Randell SH, Tiemeyer M, Hill DB, Kesimer M, O'Neal WK, Ballard ST, Freeman R, Button B, Boucher RC."
148,2022,Coherency map,biomaterial scaffold characterization,Casarin et al. (2022),"the coherency (C) parameter, to estimate the local orientation of the fibres (values around 0 indicate isotropic areas, whereas values around 1 indicate highly orien…",10.3390/ijms23052826,"Porcine Small Intestinal Submucosa (SIS) as a Suitable Scaffold for the Creation of a Tissue-Engineered Urinary Conduit: Decellularization, Biomechanical and Biocompatibility Characterization Using New Approaches",International Journal of Molecular Sciences,"Casarin M, Fortunato TM, Imran S, Todesco M, Sandrin D, Borile G, Toniolo I, Marchesan M, Gerosa G, Bagno A, Romanato F, Carniel EL, Morlacco A, Dal Moro F."
149,2022,Coherency map,cardiac tissue engineering,Todesco et al. (2022),"Coherency (C) was calculated for collagen and elastin to check the local dominant fiber orientation in the Z-stack images using OrientationJ, an ImageJ plugin",10.3390/biomimetics7030104,A New Detergent for the Effective Decellularization of Bovine and Porcine Pericardia,Biomimetics,"Todesco M, Imran SJ, Fortunato TM, Sandrin D, Borile G, Romanato F, Casarin M, Giuggioli G, Conte F, Marchesan M, Gerosa G, Bagno A."
150,2022,Dominant Direction,cardiac tissue microstructure,Kim et al. (2022),Fiber orientation was calculated using the OrientationJ ( 33 ) plugin for Fiji at 10 × 10 pixel blocks based on structure tensor analysis.,10.3389/fcvm.2022.1037500,Pocket CLARITY enables distortion-mitigated cardiac microstructural tissue characterization of large-scale specimens,Frontiers in Cardiovascular Medicine,"Kim JJH, Parajuli S, Sinha A, Mahamdeh M, van den Boomen M, Coll-Font J, Chen LS, Fan Y, Eder RA, Phipps K, Yuan S, Nguyen C."
151,2022,Coherency map,"cardiovascular tissue engineering, extracellular matrix",Palmosi et al. (2022),The coherence of collagen fibers was calculated to verify the dominant local orientation of the images using OrientationJ,10.3389/fbioe.2022.1042434,Small intestinal submucosa-derived extracellular matrix as a heterotopic scaffold for cardiovascular applications,Frontiers in Bioengineering and Biotechnology,"Palmosi T, Tolomeo AM, Cirillo C, Sandrin D, Sciro M, Negrisolo S, Todesco M, Caicci F, Santoro M, Dal Lago E, Marchesan M, Modesti M, Bagno A, Romanato F, Grumati P, Fabozzo A, Gerosa G."
152,2022,Measure,cell alignment in hydrogel scaffolds,Tavakoli et al. (2022),OrientationJ plugin was used to measure the orientation of cells in the input binary (8-bit) microscope images.,10.3390/molecules27031002,Developing Novel Fabrication and Optimisation Strategies on Aggregation-Induced Emission Nanoprobe/Polyvinyl Alcohol Hydrogels for Bio-Applications,Molecules,"Tavakoli J, Shrestha J, Bazaz SR, Rad MA, Warkiani ME, Raston CL, Tipper JL, Tang Y."
153,2022,"Distribution (directionality histogram), Coherency parameter, Color-coded orientation map",collagen/ECM in ligament tissue,Kim et al. (2022),"The output from the OrientationJ analysis, in terms of distribution and dominant direction, was the histogram of orientation angles, a coherency parameter and a color-coded map of fiber orientations.",10.1186/s40634-022-00507-6,Anterior cruciate ligament microfatigue damage detected by collagen autofluorescence in situ,Journal of Experimental Orthopaedics,"Kim J, Baek SY, Schlecht SH, Beaulieu ML, Bussau L, Chen J, Ashton-Miller JA, Wojtys EM, Banaszak Holl MM."
154,2022,Distribution (directionality histogram),collagen/ECM in tumors,Alfonso et al. (2022),Analysis using the OrientationJ plugin in ImageJ indicates a similar distribution of fiber angles between the control and BmpR1a △FoxL1+ mice in the middle part of the glands,10.3390/biomedicines11010019,Comprehensive Profiling of Early Neoplastic Gastric Microenvironment Modifications and Biodynamics in Impaired BMP-Signaling FoxL1+-Telocytes,Biomedicines,"Alfonso AB, Pomerleau V, Nicolás VR, Raisch J, Jurkovic CM, Boisvert FM, Perreault N."
155,2022,orientation/coherency analysis,collagen/ECM in tumors,Jenkins et al. (2022),SHG images were then analyzed using OrientationJ in ImageJ,10.1111/acel.13665,Age alters the oncogenic trajectory toward luminal mammary tumors that activate unfolded proteins responses,Aging Cell,"Jenkins EC, Chattopadhyay M, Gomez M, Torre D, Ma'ayan A, Torres-Martin M, Sia D, Germain D."
156,2022,Distribution (directionality histogram),collagen/ECM in tumors,Koorman et al. (2022),Collagen alignment (collagen bundle angle variability perpendicular to the organoid) by collectively invading H7 organoids was visualized using confocal reflection microscopy (insets) ( C ) and quantified using OrientationJ in ( D ).,10.1038/s41388-022-02258-1,Spatial collagen stiffening promotes collective breast cancer cell invasion by reinforcing extracellular matrix alignment,Oncogene,"Koorman T, Jansen KA, Khalil A, Haughton PD, Visser D, Rätze MAK, Haakma WE, Sakalauskaitè G, van Diest PJ, de Rooij J, Derksen PWB."
157,2022,orientation/coherency analysis,collagen/ECM in tumors,Capparelli et al. (2022),"Using FIJI's plugin OrientationJ, a comprehensive orientation analysis was conducted using similar plugin settings for all the images evaluated.",10.1038/s41467-022-28801-y,Targeting SOX10-deficient cells to reduce the dormant-invasive phenotype state in melanoma,Nature Communications,"Capparelli C, Purwin TJ, Glasheen M, Caksa S, Tiago M, Wilski N, Pomante D, Rosenbaum S, Nguyen MQ, Cai W, Franco-Barraza J, Zheng R, Kumar G, Chervoneva I, Shimada A, Rebecca VW, Snook AE, Hookim K, Xu X, Cukierman E, Herlyn M, Aplin AE."
158,2022,Measure,"hepatic tissue engineering, microvessel orientation",Bonanini et al. (2022),Maximum intensity projections from each chip were used to calculate the average microvessel orientation and microvessel area using the 'orientationJ analysis' tool,10.1007/s10456-022-09842-9,In vitro grafting of hepatic spheroids and organoids on a microfluidic vascular bed,Angiogenesis,"Bonanini F, Kurek D, Previdi S, Nicolas A, Hendriks D, de Ruiter S, Meyer M, Clapés Cabrer M, Dinkelberg R, García SB, Kramer B, Olivier T, Hu H, López-Iglesias C, Schavemaker F, Walinga E, Dutta D, Queiroz K, Domansky K, Ronden B, Joore J, Lanz HL, Peters PJ, Trietsch SJ, Clevers H, Vulto P."
159,2022,Coherency map,implantable drug delivery platform,Whyte et al. (2022),"Using the OrientationJ 2.0.5 plugin, the coherency of each ROI was calculated.",10.1038/s41467-022-32147-w,Dynamic actuation enhances transport and extends therapeutic lifespan in an implantable drug delivery platform,Nature Communications,"Whyte W, Goswami D, Wang SX, Fan Y, Ward NA, Levey RE, Beatty R, Robinson ST, Sheppard D, O'Connor R, Monahan DS, Trask L, Mendez KL, Varela CE, Horvath MA, Wylie R, O'Dwyer J, Domingo-Lopez DA, Rothman AS, Duffy GP, Dolan EB, Roche ET."
160,2022,Distribution (directionality histogram),intermediate filament cytoskeleton,Shiota et al. (2022),The bundle alignments of IFs were measured by the dispersion of the IF angles in whole cells using the OrientationJ plugin,10.3389/fcell.2022.750829,C9orf72-Derived Proline:Arginine Poly-Dipeptides Modulate Cytoskeleton and Mechanical Stress Response,Frontiers in Cell and Developmental Biology,"Shiota T, Nagata R, Kikuchi S, Nanaura H, Matsubayashi M, Nakanishi M, Kobashigawa S, Isozumi N, Kiriyama T, Nagayama K, Sugie K, Yamashiro Y, Mori E."
161,2022,Dominant Direction,intervertebral disc fibrous tissue,Lintz et al. (2022),Fiber orientation in the AF region was determined for wild type and diabetic samples using the OrientationJ plugin.,10.1002/jsp2.1191,The degenerative impact of hyperglycemia on the structure and mechanics of developing murine intervertebral discs,JOR SPINE,"Lintz M, Walk RE, Tang SY, Bonassar LJ."
162,2022,Color-coded orientation map,materials/composite microstructure,Liu et al. (2022),The image is colour-coded based on the microplatelet alignment using OrientationJ.,10.1038/s41467-022-32792-1,Magnetically assisted drop-on-demand 3D printing of microstructured multimaterial composites,Nature Communications,"Liu WC, Chou VHY, Behera RP, Le Ferrand H."
163,2022,Distribution (directionality histogram),materials/nanofibers,Orlov et al. (2022),"OrientationJ"" of the ImageJ software suite (version 1.X), which segments the fibers in the digital micrographs and calculates the probability function for their planar orientation",10.1097/01.asw.0000823972.16446.ff,Fluid Handling Dynamics and Durability of Silver-Containing Gelling Fiber Dressings Tested in a Robotic Wound System,Advances in Skin & Wound Care,"Orlov A, Lustig A, Grigatti A, Gefen A."
164,2022,orientation/coherency analysis,materials/nanofibers,Kratzer et al. (2022),fiber orientation was defined using the ImageJ plugin OrientationJ,10.3390/cells11233774,Vascularization of Poly-ε-Caprolactone-Collagen I-Nanofibers with or without Sacrificial Fibers in the Neurotized Arteriovenous Loop Model,Cells,"Kratzer S, Arkudas A, Himmler M, Schubert DW, Schneidereit D, Bauer J, Friedrich O, Horch RE, Cai A."
165,2022,Dominant Direction,meniscus collagen/cartilage ECM,Otani et al. (2022),The FIJI plug-in OrientationJ was used to evaluate collagen orientation.,10.1038/s41598-022-16206-2,Meniscus surface texture is associated with degenerative changes in biological and biomechanical properties,Scientific Reports,"Otani S, Kanamoto T, Oyama S, Yamakawa S, Shi W, Miyazaki R, Aihara M, Oka S, Kuroda S, Nakai T, Takenaka K, Sato Y, Tsukamoto M, Tsujii A, Ebina K, Okada S, Nakata K."
166,2022,Distribution (directionality histogram),muscle mitochondrial network organization,Katti et al. (2022),The images were then binarized and the OrientationJ Distributions plugin was used to determine the angles of the mitochondrial network.,10.1038/s41467-022-34445-9,Identification of evolutionarily conserved regulators of muscle mitochondrial network organization,Nature Communications,"Katti P, Ajayi PT, Aponte A, Bleck CKE, Glancy B."
167,2022,Color-coded orientation map & Vector Field,muscle myofibrils / iPSC-derived muscle,Mao et al. (2022),"Vector field analysis of myofiber bundles was performed using the OrientationJ plugin ( Rezakhaniha et al., 2012 ) in Fiji ( Schindelin et al., 2012 ) combined with custom R scripts.",10.7554/elife.76649,Tension-driven multi-scale self-organisation in human iPSC-derived muscle fibers,eLife,"Mao Q, Acharya A, Rodríguez-delaRosa A, Marchiano F, Dehapiot B, Al Tanoury Z, Rao J, Díaz-Cuadros M, Mansur A, Wagner E, Chardes C, Gupta V, Lenne PF, Habermann BH, Theodoly O, Pourquié O, Schnorrer F."
168,2022,Distribution (directionality histogram) and Measure (coherency),myelinated fiber alignment in cortex,Brocca et al. (2022),Distribution function of the OrientationJ plugin was used to build a weighted orientation histogram for each ROI,10.3390/cells11213485,Normal Cortical Myelination in Galectin-4-Deficient Mice,Cells,"Brocca ME, Mora-Rubio A, Alonso-Calviño E, Fernández-López E, Díez-Revuelta N, Martos-Puñal D, Aguilar J, Higuero AM, Abad-Rodríguez J."
169,2022,orientation/coherency analysis,soft tissue mechanobiology,Stracuzzi et al. (2022),such as the 'Directionality' tool or the 'OrientationJ' plugin in ImageJ,10.1007/s10237-021-01543-4,Risky interpretations across the length scales: continuum vs. discrete models for soft tissue mechanobiology,Biomechanics and Modeling in Mechanobiology,"Stracuzzi A, Britt BR, Mazza E, Ehret AE."
170,2022,orientation/coherency analysis,tissue dynamics and cellular flows,Thiagarajan et al. (2022),"(2012) https://imagej.net/software/fiji/ OrientationJ plugin, Fiji Püspöki et al.",10.1016/j.isci.2022.105053,Pulsations and flows in tissues as two collective dynamics with simple cellular rules,iScience,"Thiagarajan R, Bhat A, Salbreux G, Inamdar MM, Riveline D."
171,2022,Color-coded orientation map,"tissue engineered tendon, collagen fibril alignment",Janvier et al. (2022),"The ImageJ plug-in (OrientationJ) was used to visualise and quantify fibril orientation parallel to the strain axis (0° = parallel, shown as vertical in these images)",10.1177/20417314221130486,"Multimodal analysis of the differential effects of cyclic strain on collagen isoform composition, fibril architecture and biomechanics of tissue engineered tendon",Journal of Tissue Engineering,"Janvier AJ, Pendleton EG, Mortensen LJ, Green DC, Henstock JR, Canty-Laird EG."
172,2022,Coherency map,"tissue engineering, collagen/ECM",Maghin et al. (2022),"Collagen coherency was calculated from SHG to verify the local dominant orientation of the fibers using OrientationJ, an ImageJ plugin",10.1038/s41536-022-00222-x,Customized bioreactor enables the production of 3D diaphragmatic constructs influencing matrix remodeling and fibroblast overgrowth,npj Regenerative Medicine,"Maghin E, Carraro E, Boso D, Dedja A, Giagante M, Caccin P, Barna RA, Bresolin S, Cani A, Borile G, Sandrin D, Romanato F, Cecchinato F, Urciuolo A, Sandonà D, De Coppi P, Pavan PG, Piccoli M."
173,2022,Coherency map,white matter axonal alignment,Fu et al. (2022),"The anisotropic properties of axons were characterised by their directional coherency coefficient, which was calculated by the 'OrientationJ' Java plugin for the ImageJ/Fiji software",10.1007/s00401-022-02488-3,Adaptive structural changes in the motor cortex and white matter in Parkinson's disease,Acta Neuropathologica,"Fu Y, Zhou L, Li H, Hsiao JT, Li B, Tanglay O, Auwyang AD, Wang E, Feng J, Kim WS, Liu J, Halliday GM."
174,2023,"Coherency map, Orientation map, Measure",Vibrio campbellii biofilm morphology,Cesaria et al. (2023),the measured images were processed with OrientationJ to obtain orientation and coherency maps over the whole image extension.,10.3390/ijms24065423,Mutant-Dependent Local Orientational Correlation in Biofilms of Vibrio campbellii Revealed through Digital Processing of Light Microscopy Images,International Journal of Molecular Sciences,"Cesaria M, Calcagnile M, Alifano P, Cataldo R."
175,2023,Distribution (directionality histogram),actin cytoskeleton,Gudde et al. (2023),"distribution of the actin filament orientation on day 21 (ImageJ version 1.53c, plugin OrientationJ)",10.1021/acsabm.3c00433,Vaginal Fibroblast Behavior as a Function of Stiffness Changes in a Polyisocyanide Hydrogel for Prolapse Repair,ACS Applied Bio Materials,"Gudde AN, van Velthoven MJJ, Türkel B, Kouwer PHJ, Roovers JWR, Guler Z."
176,2023,Orientation/coherency analysis,actin cytoskeleton,Liu et al. (2023),we employed the OrientationJ plugin within the Fiji software to determine the orientation of actin filaments.,10.1038/s41467-023-42341-z,Endothelial discoidin domain receptor 1 senses flow to modulate YAP activation,Nature Communications,"Liu J, Zhao C, Xiao X, Li A, Liu Y, Zhao J, Fan L, Liang Z, Pang W, Yao W, Li W, Zhou J."
177,2023,Measure,actin cytoskeleton,Tee et al. (2023),"the angle of stress fibre tilt of each elliptical cell, single or in a time-lapse series, was measured using the OrientationJ Measure plugin",10.1038/s41467-023-35918-1,Actin polymerisation and crosslinking drive left-right asymmetry in single cell and cell collectives,Nature Communications,"Tee YH, Goh WJ, Yong X, Ong HT, Hu J, Tay IYY, Shi S, Jalal S, Barnett SFH, Kanchanawong P, Huang W, Yan J, Lim YAB, Thiagarajan V, Mogilner A, Bershadsky AD."
178,2023,Orientation map,actin cytoskeleton,Castiglioni et al. (2023),"Images derived from fluorescence microscopy for F-actin on bMSCs were analyzed using the OrientationJ plugin of ImageJ, as described in detail in [ 26 , 27 ], in order to compute an orientation map.",10.3390/nano13050801,Cluster-Assembled Zirconia Substrates Accelerate the Osteogenic Differentiation of Bone Marrow Mesenchymal Stem Cells,Nanomaterials,"Castiglioni S, Locatelli L, Cazzaniga A, Orecchio FM, Santaniello T, Piazzoni C, Bureau L, Borghi F, Milani P, Maier JA."
179,2023,Color-coded orientation map,"actin cytoskeleton, fibroblast mechanobiology",Angelini et al. (2023),Staining of F-actin shown in false color using the OrientationJ plugin (ImageJ algorithm) depicting the changes in cell polarization and actin fiber orientation,10.1016/j.isci.2023.107283,A defective mechanosensing pathway affects fibroblast-to-myofibroblast transition in the old male mouse heart,iScience,"Angelini A, Trial J, Saltzman AB, Malovannaya A, Cieslik KA."
180,2023,Directionality analysis,cardiac muscle myofibrils,Krumbein et al. (2023),"For the directionality of pixels in MF20 cardiomyocyte staining, ImageJ software was used, using the OrientationJ plugin",10.1038/s42003-023-05547-x,RNA binding protein IGF2BP2 expression is induced by stress in the heart and mediates dilated cardiomyopathy,Communications Biology,"Krumbein M, Oberman F, Cinnamon Y, Golomb M, May D, Vainer G, Belzer V, Meir K, Fridman I, Haybaeck J, Poelzl G, Kehat I, Beeri R, Kessler SM, Yisraeli JK."
181,2023,Coherency map,cardiac tissue engineering,Casarin et al. (2023),"collagen fibre distribution was evaluated through fast Fourier transform (FFT) and coherency (C) parameters, to determine the fibres' local orientation, using the plug-in OrientationJ",10.3390/jfb14030141,Preliminary In Vitro Assessment of Decellularized Porcine Descending Aorta for Clinical Purposes,Journal of Functional Biomaterials,"Casarin M, Fortunato TM, Imran SJ, Todesco M, Sandrin D, Marchesan M, Gerosa G, Romanato F, Bagno A, Dal Moro F, Morlacco A."
182,2023,Directionality (cell orientation analysis),cardiac tissue engineering,Korover et al. (2023),"the immunostained iPSCs derived CMs projections were transformed into binary images, and the transformed image was analyzed using OrientationJ for cell directionality.",10.1186/s40659-023-00442-5,Functional defects in hiPSCs-derived cardiomyocytes from patients with a PLEKHM2-mutation associated with dilated cardiomyopathy and left ventricular non-compaction,Biological Research,"Korover N, Etzion S, Cherniak A, Rabinski T, Levitas A, Etzion Y, Ofir R, Parvari R, Cohen S."
183,2023,Color-coded orientation map,cartilage tissue engineering,Wang et al. (2023),"OrientationJ plugin from Image J was used to create the color maps of the fiber orientation, while directionality plugin was used to quantify the mean orientation and angular dispersion of the collagen fibers",10.1016/j.mtbio.2023.100624,3D printing of mechanically functional meniscal tissue equivalents using high concentration extracellular matrix inks,Materials Today Bio,"Wang B, Barceló X, Von Euw S, Kelly DJ."
184,2023,Coherency map,cartilage/meniscal tissue engineering,Barceló et al. (2023),Analysis on the fiber orientation and coherency was carried out using the OrientationJ plugin in ImageJ software.,10.1021/acsbiomaterials.3c00101,Chondroitinase ABC Treatment Improves the Organization and Mechanics of 3D Bioprinted Meniscal Tissue,ACS Biomaterials Science & Engineering,"Barceló X, Garcia O, Kelly DJ."
185,2023,"Coherency map, Orientation angle distribution, Color-coded orientation map",collagen/ECM in bladder carcinoma,Chang et al. (2023),The local orientations of collagen fibers were quantified using OrientationJ (Version 2.0.5) with a 6-pixel ( ∼ 1.8 μ m ) Gaussian window structure tensor and color-coded on top of the SHG image,10.1117/1.jbo.28.10.102907,Multiparameter interferometric polarization-enhanced imaging differentiates carcinoma in situ from inflammation of the bladder: an ex vivo study,Journal of Biomedical Optics,"Chang S, Giannico GA, Haugen E, Jardaneh A, Baba J, Mahadevan-Jansen A, Chang SS, Bowden AK."
186,2023,"Coherency map, Dominant Direction",collagen/ECM in pulmonary fibrosis,Hewitt et al. (2023),"OrientationJ was used to measure fibre coherency utilising properties of the original image, so-called 'first-order statistics'.",10.1038/s41467-023-41621-y,Lung extracellular matrix modulates KRT5+ basal cell activity in pulmonary fibrosis,Nature Communications,"Hewitt RJ, Puttur F, Gaboriau DCA, Fercoq F, Fresquet M, Traves WJ, Yates LL, Walker SA, Molyneaux PL, Kemp SV, Nicholson AG, Rice A, Roberts E, Lennon R, Carlin LM, Byrne AJ, Maher TM, Lloyd CM."
187,2023,orientation/coherency analysis,collagen/ECM in tissues,Kasahara et al. (2023),The orientation of collagen fibers was characterized by processing confocal images of collagen with OrientationJ ImageJ plugins,10.1126/sciadv.adf9917,Spatiotemporal single-cell tracking analysis in 3D tissues to reveal heterogeneous cellular response to mechanical stimuli,Science Advances,"Kasahara K, Muramatsu J, Kurashina Y, Miura S, Miyata S, Onoe H."
188,2023,Distribution (directionality histogram),collagen/ECM in tumors,He et al. (2023),The plugin OrientationJ-Distribution was applied to analyze the fiber orientation distribution automatically.,10.1073/pnas.2209260120,Extracellular matrix physical properties govern the diffusion of nanoparticles in tumor microenvironment,Proceedings of the National Academy of Sciences,"He X, Yang Y, Han Y, Cao C, Zhang Z, Li L, Xiao C, Guo H, Wang L, Han L, Qu Z, Liu N, Han S, Xu F."
189,2023,Coherency map; Dominant Direction,corneal collagen fibril organization,Raoux et al. (2023),"We use the ImageJ plug-in OrientationJ, which is based on the local evaluation of the gradient structure tensor",10.1038/s41377-023-01224-0,Unveiling the lamellar structure of the human cornea over its full thickness using polarization-resolved SHG microscopy,Light: Science & Applications,"Raoux C, Chessel A, Mahou P, Latour G, Schanne-Klein MC."
190,2023,Dominant Direction,"fibrin networks, biomaterial structure",Hedayati et al. (2023),We used OrientationJ to estimate the local predominant orientation (see ESI † ).,10.1039/d3cc05281h,Visualizing molecular deformation in fibrin networks under tensile loading via FLIM-FRET,Chemical Communications,"Hedayati M, Chen YI, Houser JR, Wang Y, Norouzi S, Yeh HC, Parekh SH."
191,2023,Vector Field,"hair follicle orientation, skin",Cetera et al. (2023),"To determine the orientation of each hair follicle, the plug-in 'OrientationJ-Vector Field' was used",10.1242/dev.202078,Region-specific reversal of epidermal planar polarity in the rosette fancy mouse,Development,"Cetera M, Sharan R, Hayward-Lara G, Phillips B, Biswas A, Halley M, Beall E, vonHoldt B, Devenport D."
192,2023,orientation/coherency analysis,materials/nanofibers,Basar et al. (2023),Fiber orientation was analyzed using the OrientationJ plugin to the ImageJ (NIH) software.,10.1021/acsomega.2c05838,Poly(3-hydroxybutyrate-co-3-hydroxyvalerate) Electrospun Nanofibers Containing Natural Deep Eutectic Solvents Exhibiting a 3D Rugose Morphology and Charge Retention Properties,ACS Omega,"Basar AO, Prieto C, Pardo-Figuerez M, Lagaron JM."
193,2023,orientation/coherency analysis,materials/nanofibers,Park et al. (2023),"OrientationJ, which is an ImageJ plug-in, was used to statistically analyze the orientation of PVDF nanofibers.",10.1038/s41598-023-29812-5,Engineered kirigami design of PVDF-Pt core-shell nanofiber network for flexible transparent electrode,Scientific Reports,"Park H, Si H, Gu J, Lee D, Park D, Lee YI, Kim K."
194,2023,Distribution (directionality histogram),materials/nanofibers,Taborda et al. (2023),"the SEM images were analyzed with ImageJ Software (NIH, version 1.50i, Bethesda, MD, USA) with the DiameterJ and OrientationJ plugins",10.1021/acsomega.3c06436,"Micropatterned Nanofiber Scaffolds of Salmon Gelatin, Chitosan, and Poly(vinyl alcohol) for Muscle Tissue Engineering",ACS Omega,"Taborda MI, Catalan KN, Orellana N, Bezjak D, Enrione J, Acevedo CA, Corrales TP."
195,2023,orientation/coherency analysis,materials/nanofibers,Cai et al. (2023),"Fiber orientation was analyzed using the OrientationJ plugin (ImageJ) on 5 different images of the scaffolds taken in 10,000x magnification.",10.1186/s12860-023-00478-1,Myogenic differentiation of human myoblasts and Mesenchymal stromal cells under GDF11 on NPoly-ɛ-caprolactone-collagen I-Polyethylene-nanofibers,BMC Molecular and Cell Biology,"Cai A, Schneider P, Zheng ZM, Beier JP, Himmler M, Schubert DW, Weisbach V, Horch RE, Arkudas A."
196,2023,Dominant Direction,materials/nanofibers,Lasenko et al. (2023),"The fiber orientation was obtained using the ImageJ software's OrientationJ plug-in [ 43 , 44 ] (ImageJ, National Institutes of Health, Bethesda, MD, USA).",10.3390/polym15030673,The Mechanical Properties of Nanocomposites Reinforced with PA6 Electrospun Nanofibers,Polymers,"Lasenko I, Sanchaniya JV, Kanukuntla SP, Ladani Y, Viluma-Gudmona A, Kononova O, Lusis V, Tipans I, Selga T."
197,2023,Measure,microtubule dynamics,Maan et al. (2023),Each data point represents the average speed on one microtubule estimated using the imageJ plugin orientationJ.,10.1038/s41556-022-01037-0,Multivalent interactions facilitate motor-dependent protein accumulation at growing microtubule plus-ends,Nature Cell Biology,"Maan R, Reese L, Volkov VA, King MR, van der Sluis EO, Andrea N, Evers WH, Jakobi AJ, Dogterom M."
198,2023,Distribution (directionality histogram),muscle architecture in ultrasound,Bao et al. (2023),The DistributionJ within the OrientationJ plug-in was then utilized to create a table with the distribution of the orientation angle of the targeted aponeurosis and muscle fascicle.,10.1017/wtc.2022.30,A clustering-based method for estimating pennation angle from B-mode ultrasound images,Wearable Technologies,"Bao X, Zhang Q, Fragnito N, Wang J, Sharma N."
199,2023,"Distribution (directionality histogram), Color-coded orientation map, Horizontal Alignment","nanofiber scaffold alignment, cardiovascular tissue engineering",Peters et al. (2023),Each image was processed in ImageJ using OrientationJ's Distribution analysis function which outputs a distribution of angular occurrences from −90° to 90°.,10.1063/5.0172423,Self-organizing behaviors of cardiovascular cells on synthetic nanofiber scaffolds,APL Bioengineering,"Peters MM, Brister JK, Tang EM, Zhang FW, Lucian VM, Trackey PD, Bone Z, Zimmerman JF, Jin Q, Burpo FJ, Parker KK."
200,2023,Coherency,"nerve conduit fibers, peripheral nerve regeneration",Stocco et al. (2023),organization/distribution of the fibers was also investigated determining the Coherency (C) by FFT [ 38 ] and OrientationJ [ 39 ],10.1016/j.mtbio.2023.100761,Development and preclinical evaluation of bioactive nerve conduits for peripheral nerve regeneration: A comparative study,Materials Today Bio,"Stocco E, Barbon S, Faccio D, Petrelli L, Incendi D, Zamuner A, De Rose E, Confalonieri M, Tolomei F, Todros S, Tiengo C, Macchi V, Dettin M, De Caro R, Porzionato A."
201,2023,Color-coded orientation map,septin cytoskeleton organization,Nakazawa et al. (2023),"The ImageJ plugin OrientationJ displayed the orientation of the filaments on probability maps by color, and a spectrum displayed the angle distribution.",10.1242/jcs.260813,A human septin octamer complex sensitive to membrane curvature drives membrane deformation with a specific mesh-like organization,Journal of Cell Science,"Nakazawa K, Kumar G, Chauvin B, Di Cicco A, Pellegrino L, Trichet M, Hajj B, Cabral J, Sain A, Mangenot S, Bertin A."
202,2023,Measure,tendon tissue engineering,Rinoldi et al. (2023),"Cell orientation was quantified based on confocal images using ImageJ (National Institute of Health, USA) by measuring cell cytoskeletons orientation (ImageJ software, OrientationJ).",10.1021/acsmaterialsau.3c00012,Mesoporous Particle Embedded Nanofibrous Scaffolds Sustain Biological Factors for Tendon Tissue Engineering,ACS Materials Au,"Rinoldi C, Kijeńska-Gawrońska E, Heljak M, Jaroszewicz J, Kamiński A, Khademhosseini A, Tamayol A, Swieszkowski W."
203,2023,Coherency,"tracheal tissue engineering, decellularized grafts",Stocco et al. (2023),"Coherency (C) was determined to assess the local dominant orientation of collagen fibers; to achieve that, it was used the ImageJ plugin OrientationJ",10.3390/cells12060888,Development and In Vitro/In Vivo Comparative Characterization of Cryopreserved and Decellularized Tracheal Grafts,Cells,"Stocco E, Barbon S, Mammana M, Trojan D, Bianchin A, Favaretto F, Contran M, Zambello G, Vogliardi A, Confalonieri M, Todros S, Pavan PG, Romanato F, Conconi MT, Macchi V, De Caro R, Rea F, Porzionato A."
204,2023,orientation/coherency analysis,white matter tissue,Holroyd et al. (2023),"Similar methods were used to quantify white matter orientation by Walsh et al. [ 2 ], in this case employing the OrientationJ plugin of ImageJ.",10.3390/biomedicines11030909,Quantitative Image Processing for Three-Dimensional Episcopic Images of Biological Structures: Current State and Future Directions,Biomedicines,"Holroyd NA, Walsh C, Gourmet L, Walker-Samuel S."
205,2024,Vector Field,Drosophila embryo cell alignment,Ray et al. (2024),"Vector fields were obtained with the OrientationJ plugin (local window of 4 pixels for DE-cad, local window of 6 pixels for MTs, and grid size of 10 vectors",10.1242/dev.202577,Confinement promotes nematic alignment of spindle-shaped cells during Drosophila embryogenesis,Development,"Ray T, Shi D, Harris TJC."
206,2024,Coherency map,actin cytoskeleton,Maxey et al. (2024),Cytoskeletal alignment was calculated using actin signal and ImageJ OrientationJ.,10.1063/5.0233737,Contractile responses of engineered human μmyometrium to prostaglandins and inflammatory cytokines,APL Bioengineering,"Maxey AP, Wheeler SJ, Travis JM, McCain ML."
207,2024,orientation/coherency analysis,actin cytoskeleton,Jühlen et al. (2024),"actin and focal adhesion orientation was investigated in ImageJ using plugins Analyze Skeleton (2D/3D; version 3.3.0) and OrientationJ Analysis (version 2.0.4), respectively",10.1038/s41598-023-50615-1,Alteration of actin cytoskeletal organisation in fetal akinesia deformation sequence,Scientific Reports,"Jühlen R, Grauer L, Martinelli V, Rencurel C, Fahrenkrog B."
208,2024,structure-tensor order parameter,actin cytoskeleton,Sakamoto et al. (2024),We measure the orientation field of F-actin using a public domain program OrientationJ implemented as a Fiji/ImageJ plugin.,10.1038/s42003-024-06528-4,Composite branched and linear F-actin maximize myosin-induced membrane shape changes in a biomimetic cell model,Communications Biology,"Sakamoto R, Murrell MP."
209,2024,orientation field measurement / Coherency map,actin cytoskeleton,Sakamoto et al. (2024),We measure the orientation field of F-actin using a public domain program OrientationJ implemented as a Fiji/ImageJ plugin.,10.1038/s41467-024-53228-y,Mechanical power is maximized during contractile ring-like formation in a biomimetic dividing cell model,Nature Communications,"Sakamoto R, Murrell MP."
210,2024,Coherency map,actin cytoskeleton in cancer cells,Popęda et al. (2024),"F-actin coherency was calculated from the projected confocal images using the Orientation J plugin ( http://bigwww.epfl.ch/demo/orientationj/ ) for ImageJ 32 , with the F-actin fiber coherency parameter calculated for selected cells.",10.1038/s12276-024-01308-w,Emerin mislocalization during chromatin bridge resolution can drive prostate cancer cell invasiveness in a collagen-rich microenvironment,Experimental & Molecular Medicine,"Popęda M, Kowalski K, Wenta T, Beznoussenko GV, Rychłowski M, Mironov A, Lavagnino Z, Barozzi S, Richert J, Bertolio R, Myszczyński K, Szade J, Bieńkowski M, Miszewski K, Matuszewski M, Żaczek AJ, Braga L, Del Sal G, Bednarz-Knoll N, Maiuri P, Nastały P."
211,2024,Color-coded orientation map,biomimetic scaffolds / tissue engineering,Ma et al. (2024),"The OrientationJ plug-in for ImageJ was employed to color-code fibers based on their orientation, as shown in Figure 2I and J.",10.2147/ijn.s449952,Melt Electrowriting Combined with Fused Deposition Modeling Printing for the Fabrication of Three-Dimensional Biomimetic Scaffolds for Osteotendinous Junction Regeneration,International Journal of Nanomedicine,"Ma S, Zheng S, Li D, Hu W, Wang L."
212,2024,Color-coded orientation map,bone and biological fibrous tissues,Muñoz et al. (2024),"OrientationJ computes the orientations based on the gradient structure tensor in a local neighborhood ( Püspöki et al., 2016 ).",10.3389/fbioe.2024.1497837,FiberO for an automated quantitative analysis of fibers orientation and organization in biological fibrous tissues,Frontiers in Bioengineering and Biotechnology,"Muñoz A, Docaj A, Fernandez J, Carriero A."
213,2024,orientation/coherency analysis,bone/mineralized tissue cryogels,Castanheira et al. (2024),The analysis of the pore orientation was performed resorting to OrientationJ plugin from ImageJ.,10.1021/acsami.3c18290,In-Bath 3D Printing of Anisotropic Shape-Memory Cryogels Functionalized with Bone-Bioactive Nanoparticles,ACS Applied Materials & Interfaces,"Castanheira EJ, Monteiro LPG, Gaspar VM, Correia TR, Rodrigues JMM, Mano JF."
214,2024,structure-tensor order parameter,cardiac tissue engineering,Prondzynski et al. (2024),"utilizes ImageJ Plugins (OrientationJ) and a custom-made Matlab script for structural analysis of the cells Resulting parameters for sarcomere alignment referred to as ""Orientational Order Parameter"" (OOP)",10.1038/s41467-024-50224-0,Efficient and reproducible generation of human iPSC-derived cardiomyocytes and cardiac organoids in stirred suspension systems,Nature Communications,"Prondzynski M, Berkson P, Trembley MA, Tharani Y, Shani K, Bortolin RH, Sweat ME, Mayourian J, Yucel D, Cordoves AM, Gabbin B, Hou C, Anyanwu NJ, Nawar F, Cotton J, Milosh J, Walker D, Zhang Y, Lu F, Liu X, Parker KK, Bezzerides VJ, Pu WT."
215,2024,orientation/coherency analysis,collagen fiber alignment in tendons,Fang et al. (2024),"The disrupted fiber orientation in SHG images was quantitatively analyzed using the ""OrientationJ"" plug-in of the ImageJ software",10.1126/sciadv.ado2015,Collagen denaturation in post-run Achilles tendons and Achilles tendinopathy: In vivo mechanophysiology and magnetic resonance imaging,Science Advances,"Fang Y, Zhu D, Wei J, Qian L, Qiu R, Jia T, Huang K, Zhao S, Ouyang J, Li M, Li S, Li Y."
216,2024,Orientation analysis,collagen/ECM in Dupuytren's disease,Lenzi et al. (2024),The orientation analysis of collagen structure was performed using the second harmonic generation of collagen fibers images (Z-series of confocal stacks) from control and DD patients built by OrientationJ plugin,10.3390/ijms25137192,"Alterations in the Structure, Composition, and Organization of Galactosaminoglycan-Containing Proteoglycans and Collagen Correspond to the Progressive Stages of Dupuytren's Disease",International Journal of Molecular Sciences,"Lenzi LGS, Gomes Dos Santos JB, Cavalheiro RP, Mendes A, Kobayashi EY, Nader HB, Faloppa F."
217,2024,Color-coded orientation map & Distribution (directionality histogram),collagen/ECM in tumors,Plesselova et al. (2024),"the orientation of the collagen fibers was determined in ImageJ (FIJI) using the OrientationJ plugin for Hue, Saturation and Brightness (HSB) color-survey maps and OrientationJ distribution measurement.",10.1007/s12195-024-00817-y,Multicompartmentalized Microvascularized Tumor-on-a-Chip to Study Tumor-Stroma Interactions and Drug Resistance in Ovarian Cancer,Cellular and Molecular Bioengineering,"Plesselova S, Calar K, Axemaker H, Sahly E, Bhagia A, Faragher JL, Fink DM, de la Puente P."
218,2024,Coherency map,collagen/ECM in tumors,Khalil et al. (2024),OrientationJ determines the local orientation (from −90° up to 90°) and coherency (from 0 to 1) of every pixel relative to its neighbor in rectangular regions (30 × 50 μm) of the Collagen I,10.1038/s41467-024-49230-z,A YAP-centered mechanotransduction loop drives collective breast cancer cell invasion,Nature Communications,"Khalil AA, Smits D, Haughton PD, Koorman T, Jansen KA, Verhagen MP, van der Net M, van Zwieten K, Enserink L, Jansen L, El-Gammal AG, Visser D, Pasolli M, Tak M, Westland D, van Diest PJ, Moelans CB, Roukens MG, Tavares S, Fortier AM, Park M, Fodde R, Gloerich M, Zwartkruis FJT, Derksen PW, de Rooij J."
219,2024,orientation/coherency analysis,collagen/ECM in wound healing,Roy et al. (2024),The fiber alignment of collagen I deposited by the implanted cells was computed by the OrientationJ Fiji plugins,10.1111/acel.14032,Implanting mechanically reprogrammed fibroblasts for aged tissue regeneration and wound healing,Aging Cell,"Roy B, Pekec T, Yuan L, Shivashankar GV."
220,2024,structure tensor (orientation & coherency),confluent cell layers,Nejad et al. (2024),Cell orientations were determined using the ImageJ plugin OrientationJ.,10.1038/s41467-024-47702-w,Stress-shape misalignment in confluent cell layers,Nature Communications,"Nejad MR, Ruske LJ, McCord M, Zhang J, Zhang G, Notbohm J, Yeomans JM."
221,2024,Color-coded orientation map,dental epithelial tissue morphogenesis,Du et al. (2024),Analysis of nuclear orientations in 4 representative E13.5 control incisor germs using OrientationJ reveals cell alignment around the forming enamel knot,10.1371/journal.pgen.1011326,Myosin II mediates Shh signals to shape dental epithelia via control of cell adhesion and movement,PLOS Genetics,"Du W, Verma A, Ye Q, Du W, Lin S, Yamanaka A, Klein OD, Hu JK."
222,2024,Coherency,electrospun nanofiber scaffolds,Forouharshad et al. (2024),fiber alignment was quantified as a coherency value by OrientationJ,10.1039/d4ra02309a,Biomimetic electrospun PVDF/self-assembling peptide piezoelectric scaffolds for neural stem cell transplantation in neural tissue engineering,RSC Advances,"Forouharshad M, Raspa A, Fortino G, Ciulla MG, Farazdaghi A, Stolojan V, Stendardo L, Bracco S, Gelain F."
223,2024,Measure,"electrospun nanofibers, tissue engineering",Tai et al. (2024),DiameterJ and OrientationJ plugins were employed to measure the diameter and orientation of the fibers.,10.3390/bioengineering11080772,The Effect of Aligned and Random Electrospun Fibers Derived from Porcine Decellularized ECM on Mesenchymal Stem Cell-Based Treatments for Spinal Cord Injury,Bioengineering,"Tai Z, Liu J, Wang B, Chen S, Liu C, Chen X."
224,2024,Distribution (directionality histogram),fibrous biomaterial/scaffold orientation,Kim et al. (2024),PSF and PTFE direction of orientation was measured using OrientationJ Distribution plugin in the Fiji software.,10.1016/j.mtbio.2024.101182,Long noncoding RNA MALAT1 mediates fibrous topography-driven pathologic calcification through trans-differentiation of myoblasts,Materials Today Bio,"Kim WJ, Bae J, Lee EH, Kim J, Kim PJ, Ma PX, Woo KM."
225,2024,orientation/coherency analysis,gingival tissue engineering,Llopis-Grimalt et al. (2024),they were analyzed using the FIJI software Plugin OrientationJ,10.1021/acsomega.4c02253,Nanostructured Implant-Tissue Interface Assessment Using a Three-Dimensional Gingival Tissue Equivalent,ACS Omega,"Llopis-Grimalt MA, Munar-Bestard M, Ramis-Munar G, Smith D, Starborg T, Kadler KE, Monjo M, Ramis JM."
226,2024,orientation/coherency analysis,materials/battery separators,Seo et al. (2024),"The structural information of the PE and HM separators, including the fiber thickness, orientation, and particle size, was gathered from their SEM images using ImageJ and OrientationJ software",10.1038/s41467-024-54313-y,Mechanical shutdown of battery separators: Silicon anode failure,Nature Communications,"Seo JY, Kim S, Kim JH, Lee YH, Shin JY, Jeong S, Sung DW, Lee YM, Lee SY."
227,2024,Distribution (directionality histogram),materials/ceramic composites,Hackert et al. (2024),The fiber orientation was analyzed with imageJ [ 30 ] using the orientationJ plugin with its analysis and distribution functions.,10.3390/ma17102175,Inductive Heating of Ceramic Matrix Composites (CMC) for High-Temperature Applications,Materials,"Hackert A, Stiller JHM, Winhard J, Kotlan V, Nestler D."
228,2024,Measure,materials/nanofibers,Sousa et al. (2024),"ImageJ (National Institutes of Health, Bethesda, MD, USA) and the OrientationJ plugin were used to determine the average diameter and orientation of the fibers.",10.3390/nano14040342,The Effect of Substrate Properties on Cellular Behavior and Nanoparticle Uptake in Human Fibroblasts and Epithelial Cells,Nanomaterials,"Sousa de Almeida M, Lee A, Itel F, Maniura-Weber K, Petri-Fink A, Rothen-Rutishauser B."
229,2024,Coherency,materials/nanofibers,Pawar et al. (2024),"The OrientationJ plugin of ImageJ was used to determine the average fiber alignment, expressed as the degree of angular coherency (%), for each group using the 200X images",10.1016/j.mfglet.2024.09.043,3D Melt Blowing of Elastollan Thermoplastic Polyurethane for Tissue Engineering Applications: A Pilot Study,Manufacturing Letters,"Pawar A, Anderson B, Pourdeyhimi B, McNulty AL, Fisher M, Shirwaiker R."
230,2024,orientation/coherency analysis,muscle myofibrils,Gao et al. (2024),"we assessed myoblast alignment, a morphological indicator closely associated with the initiation of myotube formation, by quantifying stress fiber orientation using the OrientationJ plugin",10.1016/j.mtbio.2024.101195,Myotube formation on micropatterns guiding by centripetal cellular motility and crowding,Materials Today Bio,"Gao J, Sun X, Ma Y, Qin W, Li J, Jin Z, Qiu J, Zhang H."
231,2024,Vector Field,"muscle tissue engineering, myotube-ECM alignment",Skillin et al. (2024),Myotube alignment and nematic correlation length (ξ nn ) were quantified using OrientationJ and custom scripts,10.1126/sciadv.adn0235,Stiffness anisotropy coordinates supracellular contractility driving long-range myotube-ECM alignment,Science Advances,"Skillin NP, Kirkpatrick BE, Herbert KM, Nelson BR, Hach GK, Günay KA, Khan RM, DelRio FW, White TJ, Anseth KS."
232,2024,Color-coded orientation map,neuronal alignment in Alzheimer's pathology,Comrie et al. (2024),"OrientationJ was applied using a structure tensor with a Gaussian window of 2 pixels and a cubic spline gradient algorithm where the hue corresponds to orientation, the color saturation corresponds to the fiber coherency",10.1162/imag_a_00164,"Identification of diffusion, kurtosis, and propagator MRI markers of Alzheimer's disease pathology in post-mortem human tissue",Imaging Neuroscience,"Comrie CJ, Carlson R, Ahsan Z, Moshkriz A, Sawyer TW, Intorcia AJ, Serrano GE, Beach TG, Hutchinson EB."
233,2024,Color-coded orientation map,neuronal tissue and polarized light imaging,Bonaventura et al. (2024),"OrientationJ was applied using a structure tensor having a gaussian window of 2 pixels and a cubic spline gradient algorithm where the hue corresponds to orientation, the color saturation corresponds to the fiber coherency",10.1117/1.jbo.29.5.052914,Evaluating backscattering polarized light imaging microstructural mapping capabilities through neural tissue and analogous phantom imaging,Journal of Biomedical Optics,"Bonaventura J, Morara K, Carlson R, Comrie C, Twer A, Hutchinson E, Sawyer TW."
234,2024,Vector Field,plant cell cortical microtubules,Melogno et al. (2024),"we next analyzed CMT orientation with respect to the stem axis in NPA-treated plants, using the OrientationJ plugin in Fiji.",10.1073/pnas.2320470121,A transient radial cortical microtubule array primes cell division in Arabidopsis,Proceedings of the National Academy of Sciences,"Melogno I, Takatani S, Llanos P, Goncalves C, Kodera C, Martin M, Lionnet C, Uyttewaal M, Pastuglia M, Trehin C, Bouchez D, Dumais J, Hamant O."
235,2024,structure tensor,primate brain myelin density,Reveley et al. (2024),"the structure tensor as implemented in the ""OrientationJ"" ImageJ package using a local Gaussian window σ = 85 pixels and image gradients computed with a cubic spline",10.1162/imag_a_00368,"Diffusion kurtosis imaging, MAP-MRI and NODDI selectively track gray matter myelin density in the primate cerebral cortex",Imaging Neuroscience,"Reveley C, Ye FQ, Leopold DA."
236,2024,Orientation and Coherency,retinal glial cell alignment,Henze et al. (2024),inner microglia in each circle were analyzed for orientation and coherency using the FIJI OrientationJ plug-in relative to the central lesion axis,10.3389/fnins.2024.1290829,Effect of epiretinal electrical stimulation on the glial cells in a rabbit retinal eyecup model,Frontiers in Neuroscience,"Henze D, Majdi JA, Cohen ED."
237,2024,Distribution (directionality histogram),"synthetic cells, peptide-DNA cytoskeleton",Daly et al. (2024),Alignment fraction analysis was performed using the OrientationJ Analysis plugin on ImageJ.,10.1038/s41557-024-01509-w,Designer peptide-DNA cytoskeletons regulate the function of synthetic cells,Nature Chemistry,"Daly ML, Nishi K, Klawa SJ, Hinton KY, Gao Y, Freeman R."
238,2025,orientation/coherency analysis,actin cytoskeleton,Elblová et al. (2025),"Cytoskeleton filaments orientation analysis was performed using the ImageJ plugin ""OrientationJ"".",10.1039/d5tb00074b,Geometrically constrained cytoskeletal reorganisation modulates DNA nanostructures uptake,Journal of Materials Chemistry B,"Elblová P, Andělová H, Lunova M, Anthi J, Henry SJW, Tu X, Dejneka A, Jirsa M, Stephanopoulos N, Lunov O."
239,2025,Dominant Direction,actin cytoskeleton,Dessalles et al. (2025),Actin fibre orientation was obtained from the images of phalloidin stainings using the OrientationJ plug-in in ImageJ,10.1038/s41567-025-02847-3,Interplay of actin nematodynamics and anisotropic tension controls endothelial mechanics,Nature Physics,"Dessalles CA, Cuny N, Boutillon A, Salipante PF, Babataheri A, Barakat AI, Salbreux G."
240,2025,Vector Field,actin cytoskeleton,Shimolina et al. (2025),The orientation of actin filaments in cells was analyzed using the structure tensor method via the ImageJ plugin OrientationJ (v2.0.7),10.1038/s41598-025-31162-3,"Comparison of viscoelastic properties of breast cancer and normal cells using AFM, FLIM and ToF-SIMS techniques",Scientific Reports,"Shimolina L, Efremov YM, Gulin A, Ignatova N, Aybush A, Kuimova MK, Timashev PS, Shirmanova M."
241,2025,Coherency map,actin cytoskeleton,Tarantino et al. (2025),Morphometric quantification (coherency of F-actin) was performed on 15 cells using the OrientationJ plugin of the ImageJ 1.53a software.,10.1186/s11671-025-04186-x,Revolutionizing radiotherapy: gold nanoparticles with polyphenol coating as novel enhancers in breast cancer cells-an in vitro study,Discover Nano,"Tarantino S, Bianco A, Cascione M, Carlà A, Fiamà L, Di Corato R, Giotta L, Pellegrino P, Caricato AP, Rinaldi R, De Matteis V."
242,2025,Coherency map and Measure,actin cytoskeleton and osteoblast adhesion,Valkov et al. (2025),"OrientationJ measure was then applied to each ROI to extract coherency values, which served as the primary quantitative metric of cytoskeletal alignment.",10.3390/jfb17010016,"Multilayer Ti-Cu Oxide Coatings on Ti6Al4V: Balancing Antibacterial Activity, Mechanical Strength, Corrosion Resistance, and Cytocompatibility",Journal of Functional Biomaterials,"Valkov S, Nikolova MP, Dimitrova TV, Stancheva ME, Dechev D, Ivanov N, Handzhiyski Y, Andreeva A, Ormanova M, Anchev A, Apostolova MD."
243,2025,structure-tensor order parameter,actin cytoskeleton on curved tissue surfaces,Eckert et al. (2025),"OrientationJ computes the largest eigendirection of the structure tensor for each pixel, i.e., its intensity orientation, of the image.",10.1038/s41467-025-62694-x,Capturing nematic order on tissue surfaces of arbitrary geometry,Nature Communications,"Eckert J, Andrews TGR, Pollard J, Shen Y, Essebier P, Ladoux B, Lagendijk AK, Priya R, Yap AS, Morris RG."
244,2025,Distribution (directionality histogram),bone/mineralized tissue,Hu et al. (2025),dendrite orientation distribution was analyzed with the OrientationJ Plugin in Fiji,10.1038/s41467-025-65636-9,Piezo1-mediated mechanotransduction controls osteocyte maturation and dendrite development via a YAP-CCN-Src signaling axis,Nature Communications,"Hu YJ, Wu X, Wang F, Jin Y, Jin Y, Liu Y, Cong Q, Yang Y."
245,2025,"Coherency map, Color-coded orientation map",cartilage tissue engineering,Jia et al. (2025),"OrientationJ, an ImageJ plugin developed in-house based on structure tensors [ 38 ].",10.1016/j.bioactmat.2025.02.011,Integrated biomimetic bioprinting of perichondrium with cartilage for auricle reconstruction,Bioactive Materials,"Jia L, Liu S, Gu L, Liu X, Sun K, Chu F, Zeng J, Liu W, Jiang H, Liu X."
246,2025,orientation/coherency analysis,"cartilage tissue engineering, fibre alignment",Pahoff et al. (2025),each tomogram slice of the scanned constructs was analysed using OrientationJ in ImageJ software,10.1016/j.mtbio.2025.102550,Engineering biomimetic zonal properties in fibre-reinforced hydrogels for functional cartilage tissue engineering in vitro,Materials Today Bio,"Pahoff S, Weekes A, Mertano H, Braig JJ, Jones MWM, Maksimenko A, Mäkelä JTA, Tanska P, Korhonen RK, Töyräs J, Hutmacher DW, Klein TJ, Meinert C."
247,2025,Coherency map,"collagen bioresins, deep vat printing",Winkelbauer et al. (2025),Alignment was quantified using the Fiji OrientationJ plugin (available at http://bigwww.epfl.ch/demo/orientationj ).,10.1002/adhm.202405105,Rapid Deep Vat Printing Using Photoclickable Collagen-Based Bioresins,Advanced Healthcare Materials,"Winkelbauer M, Hasenauer A, Rütsche D, Liu H, Janiak J, Nguyen M, Christman KL, Zenobi-Wong M, Chansoria P."
248,2025,Distribution (directionality histogram),collagen/ECM in tumors,Gao et al. (2025),Orientation distributions of collagen around intact single microchannels for each cell line (OrientationJ).,10.1126/sciadv.adz4291,Multicellular force coordination constructs microchannel networks for barrier-free metastasis across extracellular matrix,Science Advances,"Gao H, Cheng B, Jin G, Han Y, Tian Q, Zhou Y, Zhao X, Liu Y, Cao C, Zhu L, Zhang J, Wang L, Xu B, Guo H, Lin M, Yang J, Xu F."
249,2025,Coherency map,collagen/ECM in tumors,Sensi et al. (2025),"Coherency (C) for collagen and elastin was quantified to evaluate the local prevailing orientation of the images, employing OrientationJ.",10.1016/j.tranon.2025.102523,Patient-derived extracellular matrix from decellularized high-grade serous ovarian carcinoma tissues as a biocompatible support for organoid growth,Translational Oncology,"Sensi F, Spagnol G, Repetto O, D'Angelo E, Biccari A, Marangio A, Guerriero A, Castillo AAM, Vogliardi A, Zanrè E, Cimetta E, Schiavi F, Sperti F, Marchetti M, de Tommasi O, Noventa M, Saccardi C, Spolverato G, Tozzi R, Agostini M."
250,2025,Orientation analysis,collagen/ECM in tumors,Olmedo-Moreno et al. (2025),Orientation analysis of Sirius Red stained samples was performed with the ImageJ plugin OrientationJ.,10.7150/thno.104143,Glioblastoma progression is hindered by melatonin-primed mesenchymal stromal cells through dynamic intracellular and extracellular reorganizations,Theranostics,"Olmedo-Moreno L, Panadero-Morón C, Sierra-Párraga JM, Bueno-Fernández R, Norton ES, Aguilera Y, Mellado-Damas N, García-Tárraga P, Morales-Gallel R, Antequera-Martínez M, Durán RV, Ferrer-Lozano J, Escames G, García-Verdugo JM, Martin-Montalvo A, Guerrero-Cázares H, Capilla-González V."
251,2025,Coherency map; Measure,collagen/actin alignment in epidermis,Oak et al. (2025),the dominant orientation and coherency of the collagen network were calculated using OrientationJ,10.1126/sciadv.adq0638,Wnt signaling modulates mechanotransduction in the epidermis to drive hair follicle regeneration,Science Advances,"Oak ASW, Bagchi A, Brukman MJ, Toth J, Ford J, Zheng Y, Nace A, Yang R, Hsieh JC, Hayden JE, Ruthel G, Ray A, Kim E, Shenoy VB, Cotsarelis G."
252,2025,Distribution (directionality histogram),dental epithelial-mesenchymal tissue engineering,Huang et al. (2025),"The alignment angle distribution was simulated with the OrientationJ plugin in ImageJ (NIH, Bethesda, MD) normalized by Gaussian nonlinear regression.",10.1016/j.mtbio.2025.102451,Tooth-on-a-chip to engineer early dental epithelial-mesenchymal interaction,Materials Today Bio,"Huang C, Sanaei F, Zhang W, Yelick PC, Ji W, Yang F, Walboomers XF."
253,2025,Distribution (directionality histogram),extracellular matrix fiber alignment,Thompson et al. (2025),"Alignment is computed by the plug-in OrientationJ, which calculates the proportion of fibers within an image orientated in a similar direction.",10.1083/jcb.202411167,"Multiple golgins are required to support extracellular matrix secretion, modification, and assembly",Journal of Cell Biology,"Thompson G, Hoyle A, Lewis PA, Prada-Sanchez ME, Swift J, Heesom K, Lowe M, Stephens D, Stevenson NL."
254,2025,Dominant Direction,fibre tracing in biomedical images,Arafat et al. (2025),"Twombli also incorporates OrientationJ to obtain the global alignment metric, determining the dominant direction of the fibrial structure.",10.1371/journal.pone.0320006,Fibre tracing in biomedical images: An objective comparison between seven algorithms,PLOS ONE,"Arafat Y, Cuesta-Apausa C, Castellano E, Reyes-Aldasoro CC."
255,2025,Dominant Direction,fibronectin/ECM in glioblastoma,Crestani et al. (2025),"The function ""OrientationJ dominant direction"" was then applied to each nucleus with a custom‐written macro and their distribution plotted in GraphPad Prism for visualization.",10.1002/advs.202416526,Loss of Fibronectin Fiber Tension in Glioblastoma is Associated with Microvascular Proliferations and Immune Cell Infiltration,Advanced Science,"Crestani M, Gerber I, Mieville A, Frauenknecht K, Maragkou T, Hortobagyi T, Vogel V."
256,2025,Distribution (directionality histogram),food materials / meat analogue texture,Tang et al. (2025),SEM images (×1500 magnification) were first converted to 8-bit grayscale and then analyzed using OrientationJ Distribution to extract the angular distribution of fiber orientation.,10.3390/foods14142479,Development of Soy-Based Meat Analogues via Wet Twin-Screw Extrusion: Enhancing Textural and Structural Properties Through Whole Yeast Powder Supplementation,Foods,"Tang S, Li Y, Wang X, Zhou L, Liu Z, Jiang L, Guo C, Yi J."
257,2025,Distribution (directionality histogram),materials/fiber reinforced concrete,Carrera et al. (2025),Image analysis was performed with FIJI ImageJ software (version 1.54) and the OrientationJ plugin (version 2.0.7) to objectively quantify orientation angles and distribution histograms.,10.3390/ma19010125,Two-Dimensional Magnetic Orientation of Steel Fibers in Large Slab Elements Made of HPFRC Using an Industrial Robot,Materials,"Carrera K, Konrád P, Künzel K, Kheml P, Sovják R, Mára M, Fornůsek J, Konvalinka P."
258,2025,Dominant Direction and Coherency,meat analogues materials,Schlangen et al. (2025),The dominant direction in each image was determined and the coherency to this dominant direction was calculated with OrientationJ.,10.1016/j.crfs.2025.100980,"Meat analogues: The relationship between mechanical anisotropy, macrostructure, and microstructure",Current Research in Food Science,"Schlangen M, van der Doef I, van der Goot AJ, Clausen MP, Kodger TE."
259,2025,Distribution (directionality histogram),muscle tissue engineering,Liu et al. (2025),Then the OrientationJ plugin was used to analyze the orientation distribution of the fibril structures.,10.1002/adma.202501147,Filamented Light (FLight) Bioprinting of Mini-Muscles with Self-Renewal Potential,Advanced Materials,"Liu H, Winkelbauer M, Janiak J, Weber P, Kalkan AK, Kim I, Chansoria P, Bar-Nur O, Zenobi-Wong M."
260,2025,Color-coded orientation map,muscle tissue engineering,Winkelbauer et al. (2025),Confocal images of matured constructs were analyzed in Fiji (ImageJ) using the OrientationJ plugin,10.1002/advs.202512727,Prolonged Cell Encapsulation and Gravity-independent Filamented Light Biofabrication of Muscle Constructs,Advanced Science,"Winkelbauer M, Janiak J, Windisch J, Liu H, Bulatova M, Von Witzleben M, Oliveira H, Dani F, Richter RF, L'Heureux N, Bar-Nur O, Gelinsky M, Zenobi-Wong M, Chansoria P."
261,2025,Vector Field; Color-coded orientation map,muscle tissue engineering; myoblast alignment,Huo et al. (2025),"The orientation director field and orientation colormap of the cell sheet were obtained using the ImageJ plugin OrientationJ, with both the window size and grid size set to 15 μm",10.1021/acsnano.5c08392,Myoblast Choreographic Alignment,ACS Nano,"Huo Y, Xu H, Zhao Y, Han E, Lin M, Hsia KJ."
262,2025,orientation/coherency analysis,neuronal alignment and neurite directionality,Hoffmann et al. (2025),The FIJI OrientationJ plugin developed by Fonck et al. in 2009 was here implemented in a novel region-based configuration to examine neurites emanating from each somata or somata cluster.,10.1186/s13287-025-04591-0,Optimizing the in vitro neuronal microenvironment to mitigate phototoxicity in live-cell imaging,Stem Cell Research & Therapy,"Hoffmann CR, Maksour S, Clarke JE, Daniszewski M, Houghton FJ, Wang J, Pébay A, Gleeson PA, Dottori M, Cho E, Zalesky A, Di Biase MA."
263,2025,Distribution (directionality histogram),neuronal alignment in hydrogels,Liu et al. (2025),the 'OrientationJ' plugin was used to evaluate the orientation and distribution of the aligned neurites,10.1016/j.mtbio.2025.101471,Filamented hydrogels as tunable conduits for guiding neurite outgrowth,Materials Today Bio,"Liu H, Puiggalí-Jou A, Chansoria P, Janiak J, Zenobi-Wong M."
264,2025,Measure,neuronal axon growth and directionality,De et al. (2025),"Measures of directionality were obtained using the semi‐automated Fiji plugin OrientationJ, with default settings.",10.1002/advs.202500400,Mechanical Forces Guide Axon Growth through the Nigrostriatal Pathway in an Organotypic Model,Advanced Science,"De Vincentiis S, Capitanini E, Kira K, Dell'Amico C, Takahashi J, Onorati M, Raudzus F, Raffa V."
265,2025,Distribution (directionality histogram),neuronal synaptic dendritic alignment,Karunakaran et al. (2025),Maximum intensity projected 60 × images with PSD95 staining were analyzed using the OrientationJ plugin in ImageJ software by selecting the OrientationJ distribution,10.1186/s13024-025-00850-z,The UNC5C T835M mutation associated with Alzheimer's disease leads to neurodegeneration involving oxidative stress and hippocampal atrophy in aged mice,Molecular Neurodegeneration,"Karunakaran DKP, Ley M, Guo J, Khatri A, Sadleir K, Popovic J, Upadhyay AK, Savas J, Procissi D, Atwal J, Vassar R."
266,2025,Color-coded orientation map,scaffold materials / tissue engineering,Long et al. (2025),"OrientationJ"" and ""Directionality"" plugins, from Fiji were used to create the color maps of the pore orientation and to generate data to plot the directionality curves",10.1002/advs.202417447,Enhancing Tendon Regeneration: Investigating the Impact of Topography on the Secretome of Adipose-Derived Stem Cells,Advanced Science,"Long Q, Liu C, Zheng H, Wang M, Liu H, Liu Y, Cao Z, Sun Y, Mo Q, Backman LJ, Zhu J, Hu L, Huang J, Zhang W, Chen J."
267,2025,orientation/coherency analysis,"vascular tissue, bacterial colonization",Pinon et al. (2025),"For each ROI, the mean fluorescence intensity has been subtracted from the background intensity (collagen matrix) and normalized by the mean of the non-infected areas' intensity",10.7554/elife.107813,An in vitro human vessel model to study Neisseria meningitidis colonization and vascular damages,eLife,"Pinon L, Chabaud M, Nivoit P, Wong Ng J, Nguyen TT, Paul V, Bouquerel C, Goussard S, Smilovici P, Frachon E, Obino D, Gobaa S, Dumenil G."
268,2025,Measure,"white matter microstructure, neuronal tissue",Wang et al. (2025),"Coherency of myelinated axons, as an inverse measure of complexity of white matter microstructure, was assessed using the ""OrientationJ measure"" function of ImageJ plugin OrientationJ",10.1038/s41390-024-03412-z,Neuroserpin normalization by mesenchymal stem cell therapy after encephalopathy of prematurity in neonatal rats,Pediatric Research,"Wang LW, Hsiung CW, Chang CP, Lin MT, Chen SJ."
269,2026,Distribution (directionality histogram),actin cytoskeleton,Jiang et al. (2026),"For in-depth orientation analysis and quantification of the distribution of phalloidin-stained filaments alignment between both cell types under each experimental condition, we used the software plugin tool OrientationJ (ImageJ/Fiji).",10.1186/s40659-026-00686-x,"Knockout of filamin A in KGN granulosa tumor cells impairs proliferation, cell cycle progression, migration, and cytoskeletal organization under mechanical stress",Biological Research,"Jiang Y, Caban KM, Peitzsch M, Herrmann C, Mayr D, Stöckl JB, Fröhlich T, Mayerhofer A, Müller-Taubenberger A, Welter H."
270,2026,structure-tensor order parameter,actin cytoskeleton,Chen et al. (2026),"the alignment parameter (S), calculated by OrientationJ software, derived from the gradient structure tensor, was used to assess filaments alignment",10.1038/s41419-026-08678-1,Stiff matrix-induced KRTAP2-3 expression suppresses ciliogenesis via actin tension-driven chromatin remodeling,Cell Death & Disease,"Chen X, Yi L, Xie G, Jin H, Yang F, Cao W, Shi Z, Xu Z, Li S, Huo C, Li Y, Lin A, Liu W, Ou G, Zhou T, Ji B, Xie S."
271,2026,Coherency map,actin cytoskeleton,Sarmiento-Jiménez et al. (2026),F-actin bundle alignment was quantified using the OrientationJ plugin in Fiji 2.3,10.3390/ijms27073026,Role of the Glycine Transporter GlyT2 in the Neuronal Differentiation of PC12 Cells,International Journal of Molecular Sciences,"Sarmiento-Jiménez J, Morales-González B, Núñez E, Martínez-Blanco E, Zafra F, Díez-Guerra FJ, López-Corcuera B."
272,2026,Distribution (directionality histogram),actin cytoskeleton,Mondal et al. (2026),"For each ROI, the filament orientation information was extracted using ""OrientationJ (OJ) Distribution ( Rezakhaniha et al, 2012 )"" plugin in Fiji.",10.26508/lsa.202603664,F-actin organization excludes E-cadherin from the division furrow to ensure cytokinesis fidelity,Life Science Alliance,"Mondal D, Rai M, Padmanabhan A."
273,2026,Color-coded orientation map,actin cytoskeleton,Li et al. (2026),The orientation of the F-actin cytoskeleton was analyzed using the OrientationJ plugin 2.0.7 (Fiji/ImageJ 1.54p).,10.3390/ijms27104380,Biglycan Reconstitutes a Neonatal ECM Signaling Microenvironment to Drive Stem Cell-Mediated Tendon Regeneration via a Scaffold-Free Cell Sheet Platform,International Journal of Molecular Sciences,"Li WT, Yu JK, Cui GQ."
274,2026,Distribution (directionality histogram) & Color-coded orientation map,actin cytoskeleton in cancer-associated fibroblasts,Garside et al. (2026),Angle distributions were calculated using the OrientationJ Distribution function with a local Gaussian window of σ = 2 pixels.,10.1002/advs.202522440,Single-Cell Morphomechanics of Prostate Cancer-Associated Fibroblasts Identifies Distinct Features Associated with Patient Outcome,Advanced Science,"Garside A, Jacobi A, Keerthikumar S, Mahajan V, Richards M, Niranjan B, Teng L, Choo N, Wei JLJ, Risbridger GP, Lawrence MG, Taubenberger AV."
275,2026,Coherency map,actin cytoskeleton in tumors,Kaivola et al. (2026),Changes in the orientation (coherency) were assessed using the OrientationJ package in ImageJ software from MIPs of the confocal microscopy images (actin and β-catenin staining),10.1038/s41563-025-02473-7,Restoring the tumour mechanophenotype of vocal fold cancer reverts its malignant properties,Nature Materials,"Kaivola J, Punovuori K, Chastney MR, Abdo H, Follain G, Mathieu M, Joshi O, Miroshnikova YA, Krautgasser F, Di Franco J, Conway JRW, Held S, Bertillot F, Hagström J, Mäkitie A, Irjala H, Ventelä S, Hamidi H, Scita G, Cerbino R, Wickström SA, Ivaska J."
276,2026,Coherency map + Dominant Direction,"actin cytoskeleton, endothelial mechanotransduction",Franz et al. (2026),Apparent coherency analysis of HUVECs exposed to different shear stress profiles was performed using the ImageJ 'OrientationJ' plugin and the 'Dominant Direction' tool based on phase contrast time‐lapse images.,10.1002/advs.202516423,VE-Cadherin-Actin Regulation Promotes Mechanotransduction and Monolayer Maturation Involving a Tension-Sensitive Intermediate State,Advanced Science,"Franz J, Odenthal-Schnittler M, Kipcke JP, Seebach J, Labbaf Z, Merten F, Bojovic V, Taha M, Eble JA, Raz E, Galic M, Schnittler H."
277,2026,orientation/coherency analysis,bioprinted tissue engineering,Neuhäusler et al. (2026),The line diameter and fiber alignment were subsequently analyzed using fluorescence microscopy and the OrientationJ plugin (FIJI).,10.1016/j.bioactmat.2025.09.027,Cell-instructive microfibers enable programmable alignment of bioprinted hMSC,Bioactive Materials,"Neuhäusler A, Kötting N, Keuper L, Lindner N, Schätzlein E, Blaeser A."
278,2026,Coherency map,bone marrow fibrosis in myelofibrosis,Melo et al. (2026),Fiber organization (coherency) and proximity (uniformity) were evaluated with the OrientationJ plugin using the same AOIs.,10.1002/hon.70163,Metformin Downregulates the STAT Pathway and Reduces Bone Marrow Fibrosis in Primary Myelofibrosis Patients: Final Results of the Phase II FIBROMET Trial,Hematological Oncology,"Melo Campos P, Pagnano KBB, Niemann FS, Mancuso RI, Della Via FI, Congrains A, Coelho-Silva JL, Tinoco ÂC, Assis-Mendonça GR, Freitas LLL, Traina F, Saad STO."
279,2026,Distribution (directionality histogram),bone/mineralized tissue,Lin et al. (2026),"the Riesz Filters method was utilized within the OrientationJ plugin for orientation analysis, and orientation distribution map",10.1038/s41536-025-00448-5,Spatiotemporal dynamics and regulation of suture morphology and collagen remodeling during trans-sutural distraction osteogenesis,npj Regenerative Medicine,"Lin Z, Chen Y, Zhang P, Jin M, Zha Y, Zhao Z."
280,2026,Directionality (directionality histogram),bone/mineralized tissue,Zhao et al. (2026),"The directionality of aligned collagen matrix and new bone matrix was analyzed using the ""Directionality"" and ""OrientationJ"" plugins in Fiji software.",,Spatiotemporally programming the immune-osteogenic cascade with a dual-immunomodulatory scaffold for functional bone regeneration,,"Zhao H, Wang Q, Lin W, Qiao R, Wang Y, Xu T, Xing H, Wei Y, Chen J, Lai Q."
281,2026,orientation/coherency analysis,cardiac endothelial cells,Brown et al. (2026),alignment analysis was performed on 10 representative non-overlapping images for each shear condition using ImageJ with the OrientationJ plugin,10.1007/s10439-026-03973-6,Shear Stress Initiates Endothelial-to-Mesenchymal Transition in Endocardial Endothelial Cells,Annals of Biomedical Engineering,"Brown KN, Phan HKT, Mustafa T, Jui E, Ahmad FN, Birla RK, Sucosky P, Connell JP, Keswani SG, Grande-Allen KJ."
282,2026,Distribution (directionality histogram) + structure-tensor order parameter,cardiac tissue engineering,Mousavi et al. (2026),Cell alignment was evaluated using the OrientationJ plugin by generating orientation histograms and calculating the Orientational Order Parameter (OOP).,10.1002/smll.202504493,Heart-On-a-Chip with Integrated Ultrasoft Mechanosensors for Continuous Measurement of Cell- and Tissue-Scale Contractile Stresses,Small,"Mousavi A, Boghdady CM, Cui S, Rostami S, Shakeri A, Rafatian N, Aurousseau M, Andelfinger G, Radisic M, Moraes C, Savoji H."
283,2026,orientation/coherency analysis,cell alignment in bioelectronic tissue,Cheah et al. (2026),Image analysis was performed on FIJI‐J using the OrientationJ plugin to determine cell alignment.,10.1002/adhm.202502757,Customizable Fabrication of 2D and Conformal Multielectrode Arrays for 3D Printed Organotypic Bioelectronic Interfaces,Advanced Healthcare Materials,"Cheah E, Gao X, Jaw WQ, Goh GL, Lee JM, Huang C, Chew SY, Yeong WY."
284,2026,orientation/coherency analysis,cell membrane cytoskeleton architecture,Bathe-Peters et al. (2026),Extraction of orientation analysis using OrientationJ for control and µg conditions at the basolateral membrane and a plane through the perinuclear region,10.1038/s41526-026-00587-z,Effects of altered gravity on adrenergic-mediated cAMP signalling in intact cells,npj Microgravity,"Bathe-Peters M, Sohail I, Sirbu A, Schneider K, Patriarchi T, Anilkumar A, Lichterfeld Y, Liemersdorf C, de Lanerolle P, Annibale P."
285,2026,Coherency map,collagen/ECM in ovarian fibrosis,Aitken et al. (2026),images were analyzed using the OrientationJ plugin to generate a coherency map and calculate the directional coherency coefficient,10.1002/mrd.70107,Ovarian Fibrosis Through Comparative Analysis of Collagen Architecture,Molecular Reproduction and Development,"Aitken CJ, Kadhim L, Murray A, Landry DA."
286,2026,Distribution (directionality histogram),collagen/ECM in tumors,Corsini et al. (2026),"we investigated the fibril orientation in ECM in Sk-Mel-31 and OVCAR3-derived tumor sections using the OrientationJ plugin of ImageJ, which provide a visual representation of fibril orientation distribution",10.1038/s41419-025-08404-3,Aberrant VEGFR2 supports tumor growth by extracellular matrix remodeling,Cell Death & Disease,"Corsini M, Ravelli C, Domenichini M, Ventura A, Maggi C, Moreschi E, Tamma M, Romani C, Piccoli C, Grillo E, Mitola S."
287,2026,structure tensor & coherency analysis,connective tissue biomechanics,Karunaseelan et al. (2026),The local orientation and isotropic properties of the fibrous structures were derived from a 2 x 2 symmetric structure tensor generated for each pixel using ImageJ software and the OrientationJ plugin,10.1371/journal.pone.0343718,Multi-axial strain mapping to characterise structure and material properties of the human hip capsule,PLOS One,"Karunaseelan KJ, Ng KCG, Muirhead-Allwood SK, van Arkel RJ, Jeffers JRT."
288,2026,Distribution (directionality histogram),"electrospun fibers, bone tissue engineering",Zhou et al. (2026),We used the OrientationJ Distribution tool to quantify the percentage of different groups of electrospun fibres in each angular orientation.,10.1016/j.bioactmat.2026.05.041,Immunomodulatory cytoskeleton of bionic periosteum affects mitochondrial dynamics to promote osteogenesis,Bioactive Materials,"Zhou T, Ni Z, Huang Y, Huang Z, Guo Q, Wu J, Zhu H, Jiang X, Zhou L, Wang W, Xi K, Gu Y, Cui W, Chen L."
289,2026,Distribution (directionality histogram),materials/nanofibers,Vihmar et al. (2026),Fiber orientation distributions were measured using the ImageJ plugin OrientationJ.,10.3389/frobt.2026.1736915,Fibrous contextual embodiments formed by task-invariant continuous blow spinning in dynamic environments,Frontiers in Robotics and AI,"Vihmar M, Boiko R, Pankratov KA, Kaasik F, Ojavee K, Must I."
290,2026,orientation/coherency analysis,materials/nanofibers,Marcelin et al. (2026),Fiber diameter and fiber alignment were calculated from 4 images (2574×) from these locations using the General Image Fiber Tool (GIFT) [ 26 ] and OrientationJ plugin in FIJI,,Localized Delivery of a Small Molecule Hedgehog Agonist via Poly(ε‐caprolactone) Scaffolds Enhances Tendon‐to‐Bone Integration,,"Marcelin J, Madi R, Kamalitdinov T, Jiang X, Kim D, Mauck R, Kuntz A, Dyment N."
291,2026,orientation/coherency analysis,materials/nanofibers,Livrinska et al. (2026),The orientation of the fibers was determined using the OrientationJ plugin [ 31 ] to the ImageJ software 1.51w.,,Bacterial Nanocellulose Wound Dressings with Gentamicin-Loaded Chitosan Nanoparticles for Surgical Site Infection Management,,"Livrinska Trpeska L, Petrushevska M, Geskovski N, Simonoska Crcarevska M, Djurdjic B, Vuksanovich V, Jančič U, Gorgieva S."
292,2026,Distribution (directionality histogram),materials/nanofibers,Dos et al. (2026),The orientation distribution was quantified from SEM micrographs and obtained using OrientationJ,10.1021/acspolymersau.6c00010,Insights into Structural Transformation during Oxidative Stabilization of Pan Nanofibers Reinforced with Carbon Nanotubes and Graphene Nanoplatelets,ACS Polymers Au,"Dos Reis FC, Marini J, Dos Anjos EGR, Rezende MC, Passador FR."
293,2026,Fiber orientation analysis,materials/nanofibers,Oosthuysen et al. (2026),"Fiber diameter and orientation, and pore size (n=6) were determined from SEM images using open source image processing software Fiji with DiameterJ and OrientationJ plugins.",10.1016/j.bbiosy.2026.100133,Electrospun poly-4-hydroxybuterate scaffolds enable local zero-order estradiol delivery and promote collagen maturation in a hypoestrogenic rat model for pelvic organ prolapse repair,Biomaterials and Biosystems,"Oosthuysen A, Weitsz C, Roovers JW, Theron J, Guler Z."
294,2026,Distribution (directionality histogram),materials/nanofibers,Trifan et al. (2026),Fibre orientation was quantified on low-magnification SEM micrographs using the OrientationJ plugin implemented in Fiji.,10.3390/ma19112375,MAPLE Deposition of Resorbable Calcium Phosphates on Electrospun Nylon Nanofibres for Bone Tissue Engineering,Materials,"Trifan A, Popescu-Pelin G, Popescu RC, Cristea DD, Liciu E, Busuioc C."
295,2026,Distribution (directionality histogram),materials/nanofibers,Liu et al. (2026),"the feature ""OrientationJ Distribution"" was executed with an object size of one pixel and the cubic spline gradient with the parameters of 60 % coherence and 1 % energy.",10.1016/j.bioactmat.2025.09.026,Topology-optimized melt-electrowritten PCL patch for abdominal wall reconstruction,Bioactive Materials,"Liu Y, von Witzleben M, Duin S, Bernhardt A, Gelinsky M."
296,2026,Distribution (directionality histogram),materials/nanofibers,Tort et al. (2026),"The orientation and diameter of the fibers were determined using OrientationJ and DiameterJ, respectively.",10.1021/acsomega.5c12433,AI-Driven Image Analysis for Nanofiber Characterization: From Diameter Measurement to Multiparameter Assessment,ACS Omega,"Tort S, Negiz H, Tunçel E, Demirezen G, Demirezen MU."
297,2026,Distribution (directionality histogram),"muscle tissue engineering, cultured meat",Kamel et al. (2026),The relative frequency (%) of myotube orientation was determined using the OrientationJ plugin (Version 2.0.7),10.3390/foods15101715,Engineering a Compartmentalized Multi-Cell Co-Culture Hydrogel System Using Beeswax/Fucoidan/Alginate for Cultured Meat Modeling,Foods,"Kamel J, Lee JY, Afrin S, Yadav U, Yadav CJ, Han SS, Park KM."
298,2026,Coherency map,musculoskeletal tissue engineering,Spagnuolo et al. (2026),"Collagen fibril orientation, dispersion, and coherency were analyzed using the OrientationJ and Directionality plugins in ImageJ.",10.1002/advs.202509313,Bioprinting of Microtissues Within Mechanically Tunable Support Baths to Engineer Anisotropic Musculoskeletal Tissues,Advanced Science,"Spagnuolo FD, Kronemberger GS, Kelly DJ."
299,2026,Orientation/coherency analysis,neuronal alignment and nanofibers,Morita et al. (2026),"The orientation of CLDN11 and nanofibers was quantified using the ImageJ OrientationJ plugin (NIH, Bethesda, MD, USA).",10.1016/j.stemcr.2026.102923,Nanofiber-based platform for quantitative analysis of human oligodendrocyte ensheathment with pharmacological perturbations,Stem Cell Reports,"Morita S, Kondo T, Imamura K, Sagara Y, Tsukita K, Tokuda H, Kaneda Y, Izumo T, Nakao Y, Inoue H."
300,2026,Dominant Direction,neuronal microglia alignment,Ferro et al. (2026),we applied the ImageJ plug-in OrientationJ to assess the orientation of these tubular microglia relative to the dendrites of PYR neurons,10.1016/j.celrep.2026.116926,"Fn14 is an activity-dependent, Bmal1-regulated cytokine receptor that induces rod-like microglia and restricts neuronal activity in vivo",Cell Reports,"Ferro A, Vita DJ, Fallon T, Arshad A, Boyd L, Stanley T, Lin Q, Berisha A, Vrudhula U, Gomez AM, Sanchez-Martin I, Borniger JC, Cheadle L."
301,2026,Coherency and energy metrics,scleral collagen fibers in glaucoma,Masuda et al. (2026),"Local two-dimensional fiber orientations were quantified using OrientationJ, with coherency (an index of local structural anisotropy) and energy (an index reflecting the magnitude of orientation information) as outcome variables.",10.1007/s00417-025-07112-0,Orientation-based evaluation of scleral collagen fibers in uveitic secondary glaucoma,Graefe's Archive for Clinical and Experimental Ophthalmology,"Masuda R, Kusuhara S, Mori S, Matsumiya W, Sakamoto M, Yamada-Nakanishi Y, Nakamura M."
302,2026,Coherency map,spindle microtubule organization,Gohel et al. (2026),"Spindle MT organization was quantified from α-tubulin images using the OrientationJ coherency index in Fiji/ImageJ, which reports local filament alignment (0=random, 1=perfectly ordered)",10.1242/jcs.264165,A non-transcriptional mitotic function of POU/Oct factors ensures spindle assembly and chromosome segregation,Journal of Cell Science,"Gohel P, Tsarouhas V, Kansara L, Sajwan S, Engström Y."
303,2026,Dominant Direction,stem cells and liver tissue engineering,Xue et al. (2026),"Filament orientation was analyzed with the OrientationJ plugin, using the cell axis as 0° reference.",10.1016/j.bioactmat.2026.05.025,Mechanically preconditioned stem cells therapy using bioinspired liver-mimetic microspheres for functional liver repair,Bioactive Materials,"Xue T, Zhang J, Wang B, Li F, Chen G, Xu Y, Luo Y, Sun J, Lao YH, Wang J, Wang H, Ju E, Xie X, Yao H, Li M, Tao Y."
304,2026,orientation/coherency analysis,vascular graft fiber alignment,Fahad et al. (2026),Anisotropy of the fiber alignment was evaluated using the OrientationJ plugin.,10.1016/j.bioactmat.2026.03.040,Ex vivo endothelialized cECM-enriched core-shell fibrous vascular graft promotes rapid regenerative remodeling in vivo,Bioactive Materials,"Fahad MAA, Choi M, Lee HY, Shanto PC, Mahbub MSI, Jahan N, Park M, Kim N, Bae SH, Lee BT."
